id,nome,ano,partido,uf,valor_liquido,valor_glosa
204379,Acácio Favacho,2023,MDB,AP,38565.93,12.99
220714,Adail Filho,2023,REPUBLICANOS,AM,2770.2,0.0
221328,Adilson Barroso,2023,PL,SP,44779.51999999999,0.0
204560,Adolfo Viana,2023,PSDB,BA,9853.060000000001,0.0
204528,Adriana Ventura,2023,NOVO,SP,8167.59,0.0
121948,Adriano do Baldy,2023,PP,GO,10378.060000000001,54.589999999999996
74646,Aécio Neves,2023,PSDB,MG,29860.64,0.0
178835,Afonso Motta,2023,PDT,RS,18751.070000000003,53.38
160527,Aguinaldo Ribeiro,2023,PP,PB,13606.65,0.0
204495,Airton Faleiro,2023,PT,PA,14174.690000000002,0.0
204549,AJ Albuquerque,2023,PP,CE,14179.039999999997,0.0
73579,Alberto Fraga,2023,PL,DF,13349.8,0.0
220538,Albuquerque,2023,REPUBLICANOS,RR,5695.72,28.99
160559,Alceu Moreira,2023,MDB,RS,5587.660000000001,46.08
204501,Alencar Santana,2023,PT,SP,8377.460000000001,46.43
178972,Alex Manente,2023,CIDADANIA,SP,12864.21,1412.4199999999998
204571,Alex Santana,2023,REPUBLICANOS,BA,8213.99,0.56
220542,Alexandre Guimarães,2023,MDB,TO,7376.829999999999,16.7
220554,Alexandre Lindenmeyer,2023,PT,RS,4118.98,34.98
221148,Alfredinho,2023,PT,SP,45965.479999999996,1.84
220576,Alfredo Gaspar,2023,UNIÃO,AL,29890.16,0.0
74057,Alice Portugal,2023,PCdoB,BA,3466.36,0.0
178927,Aliel Machado,2023,PV,PR,29470.0,0.0
204353,Aline Gurgel,2023,REPUBLICANOS,AP,-3928.04,0.0
226708,Allan Garcês,2023,PP,MA,3795.62,0.0
178937,Altineu Côrtes,2023,PL,RJ,192900.0,0.0
178881,Aluisio Mendes,2023,REPUBLICANOS,MA,8916.58,64.28999999999999
220707,Amanda Gentil,2023,PP,MA,55051.69,3500.0
204356,Amaro Neto,2023,REPUBLICANOS,ES,22925.82,18.64
220715,Amom Mandel,2023,CIDADANIA,AM,-1384.12,0.0
107970,Ana Paula Leão,2023,PP,MG,1981.21,17.43
220556,Ana Paula Lima,2023,PT,SC,18885.65,0.0
220632,Ana Pimentel,2023,PT,MG,8072.22,0.0
178831,André Abdon,2023,PP,AP,44.09,0.0
220657,André Fernandes,2023,PL,CE,10906.820000000002,19.02
204423,André Ferreira,2023,PL,PE,12174.07,21.99
133439,André Figueiredo,2023,PDT,CE,12341.24,0.0
220676,Andreia Siqueira,2023,MDB,PA,7493.78,7.800000000000001
123756,Antônia Lúcia,2023,REPUBLICANOS,AC,116214.2,0.0
220544,Antonio Andrade,2023,REPUBLICANOS,TO,93996.54,0.24
160553,Antonio Brito,2023,PSD,BA,18359.28,0.0
220638,Antonio Carlos Rodrigues,2023,PL,SP,8245.91,272.9
220675,Antônio Doido,2023,MDB,PA,6885.79,0.0
220549,Any Ortiz,2023,CIDADANIA,RS,4290.02,64.7
73433,Arlindo Chinaglia,2023,PT,SP,10224.46,0.0
141391,Arnaldo Jardim,2023,CIDADANIA,SP,31094.33,57.1
160541,Arthur Lira,2023,PP,AL,5172.87,0.0
160600,Arthur Oliveira Maia,2023,UNIÃO,BA,27965.410000000003,0.0
74090,Átila Lins,2023,PSD,AM,58000.0,0.0
123086,Átila Lira,2023,PP,PI,34902.979999999996,0.0
160665,Augusto Coutinho,2023,REPUBLICANOS,PE,21223.18,0.0
160512,Aureo Ribeiro,2023,SOLIDARIEDADE,RJ,6291.82,0.0
69871,Bacelar,2023,PV,BA,79205.53999999998,41.83
178975,Baleia Rossi,2023,MDB,SP,3958.0299999999993,42.42
220605,Bandeira de Mello,2023,PSB,RJ,27305.08,26.0
220612,Bebeto,2023,PP,RJ,101820.06,0.0
73701,Benedita da Silva,2023,PT,RJ,82110.68,48.0
109429,Benes Leocádio,2023,UNIÃO,RN,102135.24,0.0
204358,Beto Pereira,2023,PSDB,MS,6665.540000000002,173.85
220683,Beto Richa,2023,PSDB,PR,4905.4400000000005,7.970000000000001
204374,Bia Kicis,2023,PL,DF,6291.3099999999995,0.0
204388,Bibo Nunes,2023,PL,RS,22654.440000000002,0.0
160538,Bohn Gass,2023,PT,RS,44922.6,0.0
210989,Bruno Farias,2023,AVANTE,MG,9318.51,152.23
220635,Bruno Ganem,2023,PODE,SP,3487.7400000000007,0.0
220574,Cabo Gilberto Silva,2023,PL,PB,65156.83,23.61
143942,Caio Vianna,2023,PSD,RJ,2777.94,0.0
220548,Camila Jara,2023,PT,MS,24465.73,71.26
204572,Capitão Alberto Neto,2023,PL,AM,52225.95,0.0
220690,Capitão Alden,2023,PL,BA,100280.29000000001,0.0
178829,Capitão Augusto,2023,PL,SP,7965.15,5.8
213762,Carla Dickson,2023,UNIÃO,RN,0.0,0.0
178993,Carlos Henrique Gaguim,2023,UNIÃO,TO,80859.80000000002,244.85000000000002
204460,Carlos Jordy,2023,PL,RJ,72286.59999999999,349.43
74262,Carlos Sampaio,2023,PSD,SP,9093.63,72.66
204426,Carlos Veras,2023,PT,PE,7070.86,16.5
141398,Carlos Zarattini,2023,PT,SP,9615.81,323.24
220704,Carol Dartora,2023,PT,PR,2666.67,21.89
204369,Caroline de Toni,2023,PL,SC,4105.76,62.24
220699,Castro Neto,2023,PSD,PI,10954.1,0.58
206018,Célia Xakriabá,2023,PSOL,MG,7003.31,1.51
178876,Célio Silveira,2023,MDB,GO,28078.44,0.0
204488,Célio Studart,2023,PSD,CE,27955.900000000005,11.52
73441,Celso Russomanno,2023,REPUBLICANOS,SP,3885.41,3.2
204504,Cezinha de Madureira,2023,PSD,SP,14631.589999999998,32.45
205476,Charles Fernandes,2023,PSD,BA,16053.77,28.11
74171,Chico Alencar,2023,PSOL,RJ,13504.880000000003,85.6
204462,Chris Tonietto,2023,PL,RJ,3935.9,309.4
220665,Clarissa Tércio,2023,PP,PE,31105.050000000003,46.58
74537,Claudio Cajado,2023,PP,BA,12099.679999999998,0.0
141408,Cleber Verde,2023,MDB,MA,44826.100000000006,0.0
88256,Clodoaldo Magalhães,2023,PV,PE,4001.1100000000006,0.0
98148,Cobalchini,2023,MDB,SC,4913.910000000001,232.36999999999998
204376,Coronel Armando,2023,PP,SC,0.0,0.0
220594,Coronel Assis,2023,UNIÃO,MT,4182.94,0.0
204378,Coronel Chrisóstomo,2023,PL,RO,7024.090000000001,29.110000000000003
220595,Coronel Fernanda,2023,PL,MT,13845.93,206.41
220666,Coronel Meira,2023,PL,PE,1951.4799999999996,17.63
220590,Coronel Ulysses,2023,UNIÃO,AC,2251.55,0.0
178963,Covatti Filho,2023,PP,RS,5989.97,9.56
220608,Cristiane Lopes,2023,UNIÃO,RO,58634.7,0.0
204355,Da Vitoria,2023,PP,ES,36317.66,86.26000000000002
141411,Dagoberto Nogueira,2023,PSDB,MS,11938.579999999998,0.0
220555,Daiana Santos,2023,PCdoB,RS,1779.0,14.02
220692,Dal Barreto,2023,UNIÃO,BA,4953.0599999999995,193.32
74467,Damião Feliciano,2023,UNIÃO,PB,27143.860000000004,0.0
220629,Dandara,2023,PT,MG,9693.55,42.53
220603,Dani Cunha,2023,UNIÃO,RJ,86258.22000000002,10626.99
220571,Daniel Agrobom,2023,PL,GO,32632.0,0.0
74060,Daniel Almeida,2023,PCdoB,BA,9575.65,11.0
220582,Daniel Barbosa,2023,PP,AL,5849.110000000001,0.0
204367,Daniel Freitas,2023,PL,SC,7795.17,115.0
204409,Daniel Trzeciak,2023,PSDB,RS,35165.64,257.62
204459,Daniela do Waguinho,2023,UNIÃO,RJ,23570.739999999998,0.0
220557,Daniela Reinehr,2023,PL,SC,22675.520000000004,875.25
62881,Danilo Forte,2023,UNIÃO,CE,11592.980000000001,15.38
160552,Danrlei de Deus Hinterholz,2023,PSD,RS,22164.58,787.0
204511,David Soares,2023,UNIÃO,SP,2022.7600000000004,11.37
220659,Dayany Bittencourt,2023,UNIÃO,CE,22441.339999999997,0.0
220539,Defensor Stélio Dener,2023,REPUBLICANOS,RR,67510.34999999999,98.14
220565,Delegada Adriana Accorsi,2023,PT,GO,17534.390000000003,9.0
220625,Delegada Ione,2023,AVANTE,MG,42383.950000000004,0.0
220561,Delegada Katarina,2023,PSD,SE,11055.4,0.0
220642,Delegado Bruno Lima,2023,PP,SP,3126.95,0.0
220673,Delegado Caveira,2023,PL,PA,5371.81,0.0
220649,Delegado da Cunha,2023,PP,SP,28584.73,0.0
178908,Delegado Éder Mauro,2023,PL,PA,217381.15,0.0
220583,Delegado Fabio Costa,2023,PP,AL,37367.47,0.0
204512,Delegado Marcelo Freitas,2023,UNIÃO,MG,2600.0499999999993,15.51
220701,Delegado Matheus Laiola,2023,UNIÃO,PR,40186.27999999999,0.0
220652,Delegado Palumbo,2023,MDB,SP,62806.81,0.0
220654,Delegado Paulo Bilynskyj,2023,PL,SP,3943.2899999999995,51.72
220619,Delegado Ramagem,2023,PL,RJ,25486.960000000003,0.0
220553,Denise Pessôa,2023,PT,RS,13890.0,0.0
220689,Detinha,2023,PL,MA,32776.020000000004,0.0
160588,Diego Andrade,2023,PSD,MG,33678.53,28.18
220691,Diego Coronel,2023,PSD,BA,10152.4,0.0
178929,Diego Garcia,2023,REPUBLICANOS,PR,16475.24,0.0
73768,Dilceu Sperafico,2023,PP,PR,14875.7,0.0
220671,Dilvanda Faro,2023,PT,PA,26488.06,8609.33
160599,Dimas Fabiano,2023,PP,MG,20165.77,0.0
220602,Dimas Gadelha,2023,PT,RJ,6062.41,0.0
143632,Domingos Neto,2023,PSD,CE,20792.010000000002,104.44999999999999
160758,Domingos Sávio,2023,PL,MG,9813.369999999999,8.29
220573,Dorinaldo Malafaia,2023,PDT,AP,5679.670000000001,687.76
227433,Douglas Viegas,2023,UNIÃO,SP,13786.68,0.0
204450,Doutor Luizinho,2023,PP,RJ,9373.23,0.0
220610,Dr. Fernando Máximo,2023,UNIÃO,RO,33133.53,753.0
220688,Dr. Francisco,2023,PT,PI,4222.17,20.18
204518,Dr. Frederico,2023,PRD,MG,7026.120000000001,5.23
220570,Dr. Ismael Alexandrino,2023,PSD,GO,50946.81999999999,5.32
204481,Dr. Jaziel,2023,PL,CE,47427.8,0.0
204351,Dr. Luiz Ovando,2023,PP,MS,13779.839999999998,0.0
220528,Dr. Victor Linhalis,2023,PODE,ES,36635.21,212.65
204412,Dr. Zacharias Calil,2023,UNIÃO,GO,8234.25,0.0
220674,Dra. Alessandra Haber,2023,MDB,PA,9856.9,0.0
220686,Duarte Jr.,2023,PSB,MA,16389.92,176.10999999999996
220540,Duda Ramos,2023,MDB,RR,66668.85,0.0
220623,Duda Salabert,2023,PDT,MG,4594.610000000001,78.86
92346,Eduardo Bolsonaro,2023,PL,SP,45215.770000000004,0.0
141421,Eduardo da Fonte,2023,PP,PE,19349.12,302.0
220589,Eduardo Velloso,2023,UNIÃO,AC,13356.980000000001,0.0
74075,Elcione Barbalho,2023,MDB,PA,23382.579999999998,22.47
204364,Eli Borges,2023,PL,TO,10659.46,0.0
178854,Elmar Nascimento,2023,UNIÃO,BA,5430.4800000000005,0.0
218086,Ely Santos,2023,REPUBLICANOS,SP,6996.77,0.0
198783,Emanuel Pinheiro Neto,2023,MDB,MT,11918.23,30.0
161550,Emidinho Madeira,2023,PL,MG,30951.12,0.0
225730,Enfermeira Ana Paula,2023,PODE,CE,19153.43,0.0
230765,Enfermeira Rejane,2023,PCdoB,RJ,0.0,0.0
220663,Eriberto Medeiros,2023,PSB,PE,46845.77,0.0
220645,Erika Hilton,2023,PSOL,SP,2314.06,0.0
160575,Erika Kokay,2023,PT,DF,25655.47,0.0
160640,Eros Biondini,2023,PL,MG,2422.09,12.3
204482,Euclydes Pettersen,2023,REPUBLICANOS,MG,61092.22,13737.52
178871,Evair Vieira de Melo,2023,PP,ES,18407.389999999996,0.0
220681,Fábio Macedo,2023,PODE,MA,94129.5,14050.0
171623,Fabio Reis,2023,PSD,SE,29757.28,294.51
204368,Fabio Schiochet,2023,UNIÃO,SC,5137.57,0.0
220653,Fábio Teruel,2023,MDB,SP,17621.349999999995,74.50999999999999
66828,Fausto Pinato,2023,PP,SP,11325.679999999998,13.36
220712,Fausto Santos Jr.,2023,UNIÃO,AM,91102.12,100.02
220646,Felipe Becari,2023,UNIÃO,SP,3490.2400000000002,8.9
72442,Felipe Carreras,2023,PSB,PE,4206.55,0.0
204398,Felipe Francischini,2023,UNIÃO,PR,12508.699999999999,1220.11
160666,Félix Mendonça Júnior,2023,PDT,BA,3639.36,0.0
204407,Fernanda Melchionna,2023,PSOL,RS,5131.9,0.0
220656,Fernanda Pessoa,2023,UNIÃO,CE,13210.519999999999,10.0
141431,Fernando Coelho Filho,2023,UNIÃO,PE,4640.04,150.51
204445,Fernando Mineiro,2023,PT,RN,30287.1,567.0
92699,Fernando Monteiro,2023,REPUBLICANOS,PE,154725.74,1677.01
204427,Fernando Rodolfo,2023,PL,PE,95108.84,25.58
204411,Filipe Barros,2023,PL,PR,11512.0,0.0
220545,Filipe Martins,2023,PL,TO,19662.440000000002,40.599999999999994
160598,Flávia Morais,2023,PDT,GO,43122.31,19.55
191923,Flávio Nogueira,2023,PT,PI,1526.4800000000002,15.8
220700,Florentino Neto,2023,PT,PI,7146.89,98.01
220551,Franciane Bayer,2023,REPUBLICANOS,RS,78405.55999999998,967.45
204494,Fred Costa,2023,PRD,MG,5288.62,12.24
220534,Fred Linhares,2023,REPUBLICANOS,DF,17358.0,0.0
224117,Gabriel Mota,2023,REPUBLICANOS,RR,117000.0,0.0
220708,Gabriel Nunes,2023,PSD,BA,8423.74,60.400000000000006
204473,General Girão,2023,PL,RN,3666.960000000001,23.91
220611,General Pazuello,2023,PL,RJ,35772.9,260.12000000000006
178966,Geovania de Sá,2023,PSDB,SC,9793.229999999998,778.85
220702,Geraldo Mendes,2023,UNIÃO,PR,7935.5199999999995,99.30999999999999
74374,Geraldo Resende,2023,PSDB,MS,28943.059999999998,191.44
204394,Gervásio Maia,2023,PSB,PB,5119.02,0.0
74383,Giacobo,2023,PL,PR,399579.49999999994,0.0
204491,Gilberto Abramo,2023,REPUBLICANOS,MG,14120.77,0.0
74270,Gilberto Nascimento,2023,PSD,SP,52296.88,0.0
220529,Gilson Daniel,2023,PODE,ES,9973.14,346.54
204365,Gilson Marques,2023,NOVO,SC,4166.860000000001,116.9
220526,Gilvan da Federal,2023,PL,ES,23158.85,1.87
160673,Giovani Cherini,2023,PL,RS,21755.66,15.700000000000001
226179,Gisela Simona,2023,UNIÃO,MT,17395.05,255.0
152605,Glauber Braga,2023,PSOL,RJ,10758.779999999999,193.83
198197,Greyce Elias,2023,AVANTE,MG,9568.179999999998,736.2
220639,Guilherme Boulos,2023,PSOL,SP,10664.32,0.0
220664,Guilherme Uchoa,2023,PSB,PE,3062.7499999999995,0.0
220568,Gustavo Gayer,2023,PL,GO,20682.479999999996,58.75
204408,Gustinho Ribeiro,2023,REPUBLICANOS,SE,261700.0,0.0
204456,Gutemberg Reis,2023,MDB,RJ,18945.98,800.8700000000001
178964,Heitor Schuch,2023,PSB,RS,9330.77,5.5
178873,Helder Salomão,2023,PT,ES,7161.63,0.0
220537,Helena Lima,2023,MDB,RR,7828.2,295.74
204444,Helio Lopes,2023,PL,RJ,4719.92,0.0
220672,Henderson Pinto,2023,MDB,PA,10643.349999999999,17.18
204539,Hercílio Coelho Diniz,2023,MDB,MG,260814.47,0.0
178884,Hildo Rocha,2023,MDB,MA,376.45,0.0
141450,Hugo Leal,2023,PSD,RJ,11884.23,416.44
160674,Hugo Motta,2023,REPUBLICANOS,PB,34044.53,0.0
220563,Icaro de Valmir,2023,PL,SE,9108.22,0.0
204508,Igor Timo,2023,PSD,MG,6291.040000000001,16.63
98615,Ismael,2023,PSD,SC,29794.24,35.0
204436,Isnaldo Bulhões Jr.,2023,MDB,AL,3396.27,0.0
73531,Ivan Valente,2023,PSOL,SP,13908.78,437.99
220696,Ivoneide Caetano,2023,PT,BA,10541.03,0.0
220670,Iza Arruda,2023,MDB,PE,4775.74,0.0
220527,Jack Rocha,2023,PT,ES,3173.84,52.25
220697,Jadyel Alencar,2023,REPUBLICANOS,PI,36203.090000000004,0.0
74848,Jandira Feghali,2023,PCdoB,RJ,23467.0,8.14
220567,Jeferson Rodrigues,2023,REPUBLICANOS,GO,14111.92,3090.56
74273,Jefferson Campos,2023,PL,SP,67461.7,2.9
141456,Jilmar Tatto,2023,PT,SP,27903.73,400.0
141458,João Carlos Bacelar,2023,PL,BA,5202.7,0.0
230957,João Cury,2023,MDB,SP,0.0,0.0
178970,João Daniel,2023,PT,SE,58093.740000000005,5.109999999999999
74550,João Leão,2023,PP,BA,4213.969999999999,479.87
141459,João Maia,2023,PP,RN,12960.099999999999,0.0
178910,Joaquim Passarinho,2023,PL,PA,4610.76,0.0
160548,Jonas Donizette,2023,PSB,SP,8091.330000000001,40.5
205550,Jorge Braz,2023,REPUBLICANOS,RJ,78491.87999999999,0.0
178857,Jorge Solla,2023,PT,BA,25342.99,0.0
141464,José Airton Félix Cirilo,2023,PT,CE,35186.67,13.89
141470,José Guimarães,2023,PT,CE,2108.7799999999997,0.0
204472,José Medeiros,2023,PL,MT,22008.96,5.54
204391,José Nelto,2023,UNIÃO,GO,17270.64,0.0
74079,José Priante,2023,MDB,PA,15478.800000000001,733.9899999999999
74554,José Rocha,2023,UNIÃO,BA,30149.86999999999,363.57
209189,Joseildo Ramos,2023,PT,BA,41671.93,0.0
220578,Josenildo,2023,PDT,AP,2510.0,0.0
74141,Josias Gomes,2023,PT,BA,6774.559999999999,792.57
204563,Josimar Maranhãozinho,2023,PL,MA,52162.200000000004,0.0
215043,Josivaldo JP,2023,PSD,MA,2401.1800000000003,0.0
204474,Juarez Costa,2023,MDB,MT,27805.569999999996,37.89
220559,Julia Zanatta,2023,PL,SC,6997.3,0.0
220640,Juliana Cardoso,2023,PT,SP,2119.54,0.0
66385,Julio Arcoverde,2023,PP,PI,66948.59000000001,0.0
74317,Júlio Cesar,2023,PSD,PI,71920.31999999999,0.0
204372,Julio Cesar Ribeiro,2023,REPUBLICANOS,DF,4030.36,0.0
74253,Julio Lopes,2023,PP,RJ,109595.5,49.98
204457,Juninho do Pneu,2023,UNIÃO,RJ,10424.079999999998,164.99
204520,Junio Amaral,2023,PL,MG,13591.39,4.66
204497,Júnior Ferrari,2023,PSD,PA,2513.6200000000003,0.0
204574,Junior Lourenço,2023,PL,MA,98134.48999999999,8666.66
204550,Júnior Mano,2023,PSB,CE,10633.469999999998,0.0
178886,Juscelino Filho,2023,UNIÃO,MA,0.0,0.0
220677,Keniston Braga,2023,MDB,PA,6893.249999999999,0.0
162067,Kiko Celeguim,2023,PT,SP,88259.95000000003,0.0
204536,Kim Kataguiri,2023,UNIÃO,SP,17510.59,45.75
98057,Lafayette de Andrada,2023,REPUBLICANOS,MG,10853.849999999999,0.0
74856,Laura Carneiro,2023,PSD,RJ,16684.819999999996,468.0
220566,Lêda Borges,2023,PSDB,GO,33257.59,7.64
231911,Lenir de Assis,2023,PT,PR,0.0,0.0
80815,Leo Prates,2023,PDT,BA,39120.88,0.0
74156,Leonardo Monteiro,2023,PT,MG,63109.5,0.0
74299,Leônidas Cristino,2023,PDT,CE,10074.279999999999,3.9899999999999998
92102,Leur Lomanto Júnior,2023,UNIÃO,BA,86455.63,322.57
139285,Lídice da Mata,2023,PSB,BA,18796.920000000006,0.0
74585,Lincoln Portela,2023,PL,MG,5738.639999999999,0.0
74858,Lindbergh Farias,2023,PT,RJ,55353.84,0.0
220662,Lucas Ramos,2023,PSB,PE,8670.119999999999,26.91
204404,Lucas Redecker,2023,PSDB,RS,9522.579999999996,0.0
138286,Luciano Alves,2023,PSD,PR,3128.21,0.0
220581,Luciano Amaral,2023,PSD,AL,72348.26,43.2
74478,Luciano Bivar,2023,UNIÃO,PE,21035.899999999998,0.0
178931,Luciano Ducci,2023,PSB,PR,45775.0,0.0
220616,Luciano Vieira,2023,REPUBLICANOS,RJ,81624.39,7.9
178954,Lucio Mosquini,2023,MDB,RO,13877.67,0.0
222429,Luis Carlos Gomes,2023,REPUBLICANOS,RJ,10904.66,0.0
160510,Luis Tibé,2023,AVANTE,MG,8156.28,7.8100000000000005
204410,Luisa Canziani,2023,PSD,PR,37144.270000000004,0.0
141485,Luiz Carlos Busato,2023,UNIÃO,RS,3550.2799999999997,35.08
73778,Luiz Carlos Hauly,2023,PODE,PR,4953.719999999999,42.91
204485,Luiz Carlos Motta,2023,PL,SP,34700.0,0.0
74041,Luiz Couto,2023,PT,PB,7385.129999999999,4.93
141487,Luiz Fernando Faria,2023,PSD,MG,22998.490000000005,0.0
229432,Luiz Fernando Vampiro,2023,MDB,SC,0.0,0.0
220658,Luiz Gastão,2023,PSD,CE,18631.800000000003,0.0
204455,Luiz Lima,2023,NOVO,RJ,4352.620000000001,33.800000000000004
162332,Luiz Nishimori,2023,PSD,PR,26225.58,1.8
204526,Luiz Philippe de Orleans e Bragança,2023,PL,SP,12608.940000000002,350.0
74784,Luiza Erundina,2023,PSOL,SP,5798.919999999999,0.0
178866,Luizianne Lins,2023,PT,CE,38887.03,9.7
220669,Lula da Fonte,2023,PP,PE,3206.3399999999997,244.79
166402,Magda Mofatto,2023,PRD,GO,163410.58999999997,119.81
220648,Marangoni,2023,UNIÃO,SP,14133.67,0.0
156190,Marcel van Hattem,2023,NOVO,RS,11219.160000000002,4.5
179000,Marcelo Álvaro Antônio,2023,PL,MG,12944.63,0.0
220599,Marcelo Crivella,2023,REPUBLICANOS,RJ,2554.4,0.0
133810,Marcelo Moraes,2023,PL,RS,5442.900000000001,43.05
160161,Marcelo Queiroz,2023,PSDB,RJ,2961.2,0.0
178983,Marcio Alvino,2023,PL,SP,5536.170000000002,57.4
179001,Márcio Biolchi,2023,MDB,RS,13974.84,0.0
220687,Márcio Honaiser,2023,PDT,MA,16118.2,0.0
81055,Márcio Jerry,2023,PCdoB,MA,27633.7,0.0
150418,Márcio Marinho,2023,REPUBLICANOS,BA,11057.65,606.5799999999999
160535,Marcon,2023,PT,RS,4202.1,0.0
204431,Marcos Aurélio Sampaio,2023,PSD,PI,16090.74,0.0
204506,Marcos Pereira,2023,REPUBLICANOS,SP,20899.879999999997,0.0
220547,Marcos Pollon,2023,PL,MS,19063.79,0.0
178943,Marcos Soares,2023,UNIÃO,RJ,2457.44,0.2
220604,Marcos Tavares,2023,PDT,RJ,112078.8,102.88
220668,Maria Arraes,2023,SOLIDARIEDADE,PE,16433.239999999998,25.71
74398,Maria do Rosário,2023,PT,RS,44046.020000000004,56.67999999999999
204540,Maria Rosas,2023,REPUBLICANOS,SP,26785.679999999993,0.0
220655,Mario Frias,2023,PL,SP,57651.04,0.0
74158,Mário Heringer,2023,PDT,MG,82859.0,0.0
178858,Mário Negromonte Jr.,2023,PP,BA,15272.01,1587.15
204566,Marreca Filho,2023,PRD,MA,27202.72,123.54
220572,Marussa Boldrin,2023,MDB,GO,21776.04,0.0
178843,Marx Beltrão,2023,PP,AL,37516.18,0.0
220661,Matheus Noronha,2023,PL,CE,62557.59,200.0
220609,Maurício Carvalho,2023,UNIÃO,RO,15598.32,0.0
220628,Mauricio do Vôlei,2023,PL,MG,5050.499999999999,0.0
220550,Mauricio Marcon,2023,PODE,RS,14507.69,27.299999999999997
220647,Mauricio Neves,2023,PP,SP,3835.0699999999997,3.0
204486,Mauro Benevides Filho,2023,PDT,CE,20124.32,670.2800000000001
220607,Max Lemos,2023,PDT,RJ,44837.44,0.0
220591,Meire Serafim,2023,UNIÃO,AC,41809.100000000006,0.0
74428,Mendonça Filho,2023,UNIÃO,PE,14224.41,66.69999999999999
188097,Merlong Solano,2023,PT,PI,2376.7000000000003,0.0
220585,Mersinho Lucena,2023,PP,PB,4373.58,0.0
220530,Messias Donato,2023,REPUBLICANOS,ES,8045.74,93.71000000000001
171786,Miguel Ângelo,2023,PT,MG,10918.97,11.24
178985,Miguel Lombardi,2023,PL,SP,5789.660000000001,15.68
178895,Misael Varella,2023,PSD,MG,9097.84,350.0
160561,Missionário José Olimpio,2023,PL,SP,0.0,0.0
178997,Moses Rodrigues,2023,UNIÃO,CE,5633.539999999999,0.0
220617,Murillo Gouvea,2023,UNIÃO,RJ,7929.97,0.0
220584,Murilo Galdino,2023,REPUBLICANOS,PB,67619.49,0.0
204453,Natália Bonavides,2023,PT,RN,5902.5599999999995,1.42
233218,Nelinho Freitas,2023,MDB,CE,0.0,0.0
204449,Nelson Barbudo,2023,PL,MT,23500.0,0.0
220622,Nely Aquino,2023,PODE,MG,5905.86,151.18
220703,Neto Carletto,2023,AVANTE,BA,3022.33,0.0
178896,Newton Cardoso Jr,2023,MDB,MG,73132.86,0.0
204479,Nicoletti,2023,UNIÃO,RR,28964.69,0.0
209787,Nikolas Ferreira,2023,PL,MG,48081.28,155.98999999999998
178986,Nilto Tatto,2023,PT,SP,34828.84999999999,0.0
74159,Odair Cunha,2023,PT,MG,4281.000000000001,0.0
204498,Olival Marques,2023,MDB,PA,107536.42,0.0
178987,Orlando Silva,2023,PCdoB,SP,4272.530000000001,0.0
73692,Osmar Terra,2023,PL,RS,13244.039999999999,371.22
204422,Ossesio Silva,2023,REPUBLICANOS,PE,15694.96,0.59
204441,Otoni de Paula,2023,MDB,RJ,18513.5,0.0
204573,Otto Alencar Filho,2023,PSD,BA,25313.609999999997,10.29
220706,Padovani,2023,UNIÃO,PR,6154.27,0.0
160556,Padre João,2023,PT,MG,8722.810000000001,32.27
230762,Pastor Claudio Mariano,2023,UNIÃO,PA,0.0,0.0
180214,Pastor Diniz,2023,UNIÃO,RR,55212.61,0.0
160642,Pastor Eurico,2023,PL,PE,4974.43,189.91
204570,Pastor Gil,2023,PL,MA,22692.879999999997,0.0
220615,Pastor Henrique Vieira,2023,PSOL,RJ,21470.990000000005,4.68
204553,Pastor Sargento Isidório,2023,AVANTE,BA,50280.68000000001,1071.1399999999999
74160,Patrus Ananias,2023,PT,MG,10157.010000000002,6.88
74095,Pauderney Avelino,2023,UNIÃO,AM,0.0,0.0
171617,Paulão,2023,PT,AL,36266.7,183.22
141518,Paulinho da Força,2023,SOLIDARIEDADE,SP,10258.359999999999,0.0
141516,Paulo Abi-Ackel,2023,PSDB,MG,13419.869999999999,32.260000000000005
220650,Paulo Alexandre Barbosa,2023,PSDB,SP,11677.86,0.0
178860,Paulo Azi,2023,UNIÃO,BA,25581.869999999995,1987.0
160517,Paulo Folletto,2023,PSB,ES,8958.95,0.0
160558,Paulo Freire Costa,2023,PL,SP,47194.270000000004,0.0
204492,Paulo Guedes,2023,PT,MG,21955.73,0.0
233592,Paulo Lemos,2023,PSOL,AP,0.0,0.0
220685,Paulo Litro,2023,PSD,PR,970.06,0.0
74574,Paulo Magalhães,2023,PSD,BA,11815.470000000003,331.53999999999996
74400,Paulo Pimenta,2023,PT,RS,0.0,0.0
220630,Pedro Aihara,2023,PRD,MG,27209.710000000006,0.0
220667,Pedro Campos,2023,PSB,PE,4266.48,42.36
122974,Pedro Lucas Fernandes,2023,UNIÃO,MA,48478.59,0.0
204395,Pedro Lupion,2023,PP,PR,53580.17999999999,0.0
122158,Pedro Paulo,2023,PSD,RJ,183071.21,988.6800000000001
160604,Pedro Uczai,2023,PT,SC,3027.66,0.0
204406,Pedro Westphalen,2023,PP,RS,17217.52,0.0
161440,Pezenti,2023,MDB,SC,33455.53999999999,644.0
204524,Pinheirinho,2023,PP,MG,27471.6,0.0
73486,Pompeo de Mattos,2023,PDT,RS,3035.4099999999994,2.22
160601,Pr. Marco Feliciano,2023,PL,SP,20198.300000000003,0.0
220533,Prof. Reginaldo Veras,2023,PV,DF,55403.09000000001,53.99
204390,Professor Alcides,2023,PL,GO,168755.86,2040.16
221338,Professora Luciene Cavalcante,2023,PSOL,SP,24431.4,0.0
160641,Professora Marcivania,2023,PCdoB,AP,117.9,0.0
220586,Rafael Brito,2023,MDB,AL,39008.2,39.8
233594,Rafael Fera,2023,PODE,RO,0.0,0.0
220532,Rafael Prudente,2023,MDB,DF,74240.03,691.0
220626,Rafael Simoes,2023,UNIÃO,MG,7574.65,0.0
204567,Raimundo Costa,2023,PODE,BA,22975.22,18.9
74084,Raimundo Santos,2023,PSD,PA,7823.479999999999,389.86
74161,Reginaldo Lopes,2023,PT,MG,4680.25,63.71999999999999
220606,Reimont,2023,PT,RJ,5447.74,33.38
205865,Reinhold Stephanes,2023,PSD,PR,5071.639999999999,61.07000000000001
178989,Renata Abreu,2023,PODE,SP,32069.87,0.0
153423,Renilce Nicodemos,2023,MDB,PA,185992.0,571.08
73801,Renildo Calheiros,2023,PCdoB,PE,14312.259999999998,29.8
175765,Ribamar Silva,2023,PSD,SP,0.0,0.0
221329,Ricardo Abrão,2023,UNIÃO,RJ,2964.56,0.0
220543,Ricardo Ayres,2023,REPUBLICANOS,TO,10069.840000000002,0.0
73788,Ricardo Barros,2023,PP,PR,830.24,0.0
204362,Ricardo Guidi,2023,PL,SC,12583.89,0.0
220694,Ricardo Maia,2023,MDB,BA,60126.28,0.0
220633,Ricardo Salles,2023,NOVO,SP,35183.979999999996,10.87
204489,Robério Monteiro,2023,PDT,CE,48167.97,0.0
220693,Roberta Roma,2023,PL,BA,24206.789999999994,19.58
220588,Roberto Duarte,2023,REPUBLICANOS,AC,42626.270000000004,0.0
220613,Roberto Monteiro Pai,2023,PL,RJ,25270.0,0.0
220624,Robinson Faria,2023,PP,RN,5726.88,8.47
220546,Rodolfo Nogueira,2023,PL,MS,7493.91,15.120000000000001
230767,Rodrigo da Zaeli,2023,PL,MT,0.0,0.0
141531,Rodrigo de Castro,2023,UNIÃO,MG,10372.63,6.47
223128,Rodrigo Estacho,2023,PSD,PR,3152.26,2.4
220641,Rodrigo Gambale,2023,PODE,SP,60539.01,0.0
141533,Rodrigo Rollemberg,2023,PSB,DF,0.0,0.0
165470,Rodrigo Valadares,2023,UNIÃO,SE,5773.070000000001,181.4
220695,Rogéria Santos,2023,REPUBLICANOS,BA,14047.7,170.57999999999998
204480,Rogério Correia,2023,PT,MG,17447.33,49.11
160629,Romero Rodrigues,2023,PODE,PB,1513.7199999999996,105.89000000000001
163321,Ronaldo Nogueira,2023,REPUBLICANOS,RS,12358.660000000002,2547.01
204525,Rosana Valle,2023,PL,SP,6458.430000000001,85.44
220644,Rosangela Moro,2023,UNIÃO,SP,57813.39000000001,2.57
220620,Rosângela Reis,2023,PL,MG,10530.71,8.17
74371,Rubens Otoni,2023,PT,GO,12301.290000000003,0.0
178887,Rubens Pereira Júnior,2023,PT,MA,20748.5,0.0
73604,Rui Falcão,2023,PT,SP,6391.1,9.95
160635,Ruy Carneiro,2023,PODE,PB,5855.829999999999,0.0
204535,Sâmia Bomfim,2023,PSOL,SP,10695.6,0.0
233598,Samuel Santos,2023,PODE,GO,0.0,0.0
220631,Samuel Viana,2023,REPUBLICANOS,MG,14899.130000000001,0.0
204416,Sanderson,2023,PL,RS,45630.999999999985,66.80000000000001
204387,Sargento Fahur,2023,PSD,PR,5234.2699999999995,7.5600000000000005
220621,Sargento Gonçalves,2023,PL,RN,26809.86,11.61
220618,Sargento Portugal,2023,PODE,RJ,11089.86,489.6
226837,Saulo Pedroso,2023,PSD,SP,15722.050000000001,4.11
178933,Sergio Souza,2023,MDB,PR,22669.479999999992,1255.93
204557,Sidney Leite,2023,PSD,AM,2736.04,0.0
74356,Silas Câmara,2023,REPUBLICANOS,AM,292286.0,0.0
204360,Silvia Cristina,2023,PP,RO,56770.5,0.0
220569,Silvye Alves,2023,UNIÃO,GO,41998.31999999999,32.91
220651,Simone Marquetto,2023,MDB,SP,3585.17,2.48
104552,Socorro Neri,2023,PP,AC,12445.95,0.0
178946,Soraya Santos,2023,PL,RJ,113075.0,0.0
178947,Sóstenes Cavalcante,2023,PL,RJ,13443.03,10.0
92776,Stefano Aguiar,2023,PSD,MG,18877.590000000007,0.0
204534,Tabata Amaral,2023,PSB,SP,15285.460000000001,0.0
220682,Tadeu Veneri,2023,PT,PR,5352.839999999999,6.59
204464,Talíria Petrone,2023,PSOL,RJ,40139.17999999999,145.07999999999998
220598,Tarcísio Motta,2023,PSOL,RJ,9521.98,0.0
220560,Thiago de Joaldo,2023,PP,SE,7547.480000000001,0.0
220597,Thiago Flores,2023,REPUBLICANOS,RO,38636.0,0.0
143084,Tiago Dimas,2023,PODE,TO,0.0,0.0
220684,Tião Medeiros,2023,PP,PR,14379.67,4902.18
160976,Tiririca,2023,PL,SP,6104.56,0.0
178934,Toninho Wandscheer,2023,PP,PR,10348.669999999998,543.0799999999999
157130,Túlio Gadêlha,2023,REDE,PE,33146.200000000004,0.0
160610,Valmir Assunção,2023,PT,BA,3701.35,112.97
74376,Vander Loubet,2023,PT,MS,4482.28,76.38000000000001
204396,Vermelho,2023,PP,PR,31979.28,306.86
74283,Vicentinho,2023,PT,SP,4631.43,0.0
137070,Vicentinho Júnior,2023,PP,TO,38771.13,0.0
141555,Vinicius Carvalho,2023,REPUBLICANOS,SP,15868.950000000006,17.950000000000003
160591,Vinicius Gurgel,2023,PL,AP,34800.0,0.0
178992,Vitor Lippi,2023,PSDB,SP,17100.800000000003,2.85
91228,Waldemar Oliveira,2023,AVANTE,PE,14251.6,0.0
160569,Waldenor Pereira,2023,PT,BA,11528.149999999998,470.65000000000003
160518,Weliton Prado,2023,SOLIDARIEDADE,MG,11674.67,0.0
74043,Wellington Roberto,2023,PL,PB,6315.710000000001,0.0
224333,Welter,2023,PT,PR,15619.720000000001,3.34
74044,Wilson Santiago,2023,REPUBLICANOS,PB,37359.770000000004,0.0
220564,Yandra Moura,2023,UNIÃO,SE,9759.7,0.0
220660,Yury do Paredão,2023,MDB,CE,3596.8999999999996,0.0
230768,Zé Adriano,2023,PP,AC,0.0,0.0
220536,Zé Haroldo Cathedral,2023,PSD,RR,50719.1,179.93
204559,Zé Neto,2023,PT,BA,64823.99,0.0
160632,Zé Silva,2023,SOLIDARIEDADE,MG,20772.599999999995,60.41
220558,Zé Trovão,2023,PL,SC,4887.04,1.05
204517,Zé Vitor,2023,PL,MG,4945.53,0.0
160592,Zeca Dirceu,2023,PT,PR,31418.86,65.53
220592,Zezinho Barbary,2023,PP,AC,2593.7800000000007,0.0
220552,Zucco,2023,PL,RS,9065.889999999998,0.0
204379,Acácio Favacho,2024,MDB,AP,7085.740000000001,0.0
220714,Adail Filho,2024,REPUBLICANOS,AM,1500.02,0.0
221328,Adilson Barroso,2024,PL,SP,61075.509999999995,1479.1100000000001
204560,Adolfo Viana,2024,PSDB,BA,10933.75,0.0
204528,Adriana Ventura,2024,NOVO,SP,6397.76,0.0
121948,Adriano do Baldy,2024,PP,GO,8670.46,131.19
74646,Aécio Neves,2024,PSDB,MG,84367.60999999999,0.0
136811,Afonso Hamm,2024,PP,RS,9328.989999999998,0.0
178835,Afonso Motta,2024,PDT,RS,3999.3500000000004,24.060000000000002
160527,Aguinaldo Ribeiro,2024,PP,PB,8635.279999999999,0.0
204495,Airton Faleiro,2024,PT,PA,3520.7200000000003,0.0
204549,AJ Albuquerque,2024,PP,CE,10048.45,0.0
73579,Alberto Fraga,2024,PL,DF,47711.1,0.0
220538,Albuquerque,2024,REPUBLICANOS,RR,5762.77,0.0
160559,Alceu Moreira,2024,MDB,RS,2700.62,16.979999999999997
204501,Alencar Santana,2024,PT,SP,3220.1,131.60999999999999
178972,Alex Manente,2024,CIDADANIA,SP,15602.970000000001,4378.7699999999995
204571,Alex Santana,2024,REPUBLICANOS,BA,3762.79,0.0
220542,Alexandre Guimarães,2024,MDB,TO,10506.699999999999,49.64
220554,Alexandre Lindenmeyer,2024,PT,RS,5084.150000000001,33.599999999999994
221148,Alfredinho,2024,PT,SP,3437.3900000000003,4.27
220576,Alfredo Gaspar,2024,UNIÃO,AL,5301.749999999999,12.56
74057,Alice Portugal,2024,PCdoB,BA,6006.499999999999,740.25
178927,Aliel Machado,2024,PV,PR,25308.0,0.0
204353,Aline Gurgel,2024,REPUBLICANOS,AP,0.0,0.0
226708,Allan Garcês,2024,PP,MA,15199.71,0.0
178937,Altineu Côrtes,2024,PL,RJ,197139.8,0.0
178881,Aluisio Mendes,2024,REPUBLICANOS,MA,8862.83,215.95
220707,Amanda Gentil,2024,PP,MA,44118.98,0.0
204356,Amaro Neto,2024,REPUBLICANOS,ES,28306.770000000004,491.52
220715,Amom Mandel,2024,CIDADANIA,AM,7422.86,0.0
107970,Ana Paula Leão,2024,PP,MG,2152.6200000000003,0.0
220556,Ana Paula Lima,2024,PT,SC,20679.35,0.0
220632,Ana Pimentel,2024,PT,MG,8974.1,0.98
178831,André Abdon,2024,PP,AP,0.0,0.0
220657,André Fernandes,2024,PL,CE,9958.609999999999,31.61
204423,André Ferreira,2024,PL,PE,3849.8,20.39
133439,André Figueiredo,2024,PDT,CE,7900.68,0.0
220676,Andreia Siqueira,2024,MDB,PA,10978.8,0.0
123756,Antônia Lúcia,2024,REPUBLICANOS,AC,71176.22,0.0
220544,Antonio Andrade,2024,REPUBLICANOS,TO,93988.4,0.0
160553,Antonio Brito,2024,PSD,BA,33000.0,0.0
220638,Antonio Carlos Rodrigues,2024,PL,SP,13262.800000000001,0.0
220675,Antônio Doido,2024,MDB,PA,6720.2,0.0
220549,Any Ortiz,2024,CIDADANIA,RS,3017.58,138.95
73433,Arlindo Chinaglia,2024,PT,SP,26550.0,0.0
141391,Arnaldo Jardim,2024,CIDADANIA,SP,4633.87,5.28
160541,Arthur Lira,2024,PP,AL,12600.0,0.0
160600,Arthur Oliveira Maia,2024,UNIÃO,BA,12119.890000000001,0.0
74090,Átila Lins,2024,PSD,AM,42000.0,0.0
123086,Átila Lira,2024,PP,PI,34893.119999999995,61.52
160665,Augusto Coutinho,2024,REPUBLICANOS,PE,11410.600000000002,0.0
160512,Aureo Ribeiro,2024,SOLIDARIEDADE,RJ,11100.0,0.0
69871,Bacelar,2024,PV,BA,70673.4,0.0
178975,Baleia Rossi,2024,MDB,SP,2516.8499999999995,0.0
220605,Bandeira de Mello,2024,PSB,RJ,11413.6,0.0
220612,Bebeto,2024,PP,RJ,124316.25,0.0
73701,Benedita da Silva,2024,PT,RJ,71199.01,48.0
109429,Benes Leocádio,2024,UNIÃO,RN,106252.6,0.0
204358,Beto Pereira,2024,PSDB,MS,5325.66,0.0
220683,Beto Richa,2024,PSDB,PR,2370.8599999999997,6.09
204374,Bia Kicis,2024,PL,DF,2414.74,0.0
204388,Bibo Nunes,2024,PL,RS,5609.610000000001,18.48
160538,Bohn Gass,2024,PT,RS,50661.020000000004,0.0
210989,Bruno Farias,2024,AVANTE,MG,2846.6099999999997,3.99
220635,Bruno Ganem,2024,PODE,SP,4019.42,0.0
220574,Cabo Gilberto Silva,2024,PL,PB,65231.810000000005,0.0
143942,Caio Vianna,2024,PSD,RJ,14655.59,16.8
220548,Camila Jara,2024,PT,MS,9680.97,26.49
204572,Capitão Alberto Neto,2024,PL,AM,32195.9,0.0
220690,Capitão Alden,2024,PL,BA,57519.75,408.54
178829,Capitão Augusto,2024,PL,SP,2162.29,8.01
213762,Carla Dickson,2024,UNIÃO,RN,0.0,0.0
178993,Carlos Henrique Gaguim,2024,UNIÃO,TO,76096.10999999999,789.8
204460,Carlos Jordy,2024,PL,RJ,60189.36,1277.0900000000001
74262,Carlos Sampaio,2024,PSD,SP,12494.970000000001,0.0
204426,Carlos Veras,2024,PT,PE,5675.52,4.95
141398,Carlos Zarattini,2024,PT,SP,2434.7300000000005,0.0
220704,Carol Dartora,2024,PT,PR,5036.18,8.66
204369,Caroline de Toni,2024,PL,SC,4576.3099999999995,0.0
220699,Castro Neto,2024,PSD,PI,11632.59,0.0
206018,Célia Xakriabá,2024,PSOL,MG,1803.28,54.170000000000016
178876,Célio Silveira,2024,MDB,GO,4231.54,0.0
204488,Célio Studart,2024,PSD,CE,43314.68000000001,0.0
73441,Celso Russomanno,2024,REPUBLICANOS,SP,3787.1199999999994,9.620000000000001
204504,Cezinha de Madureira,2024,PSD,SP,8941.62,0.0
205476,Charles Fernandes,2024,PSD,BA,56269.85,0.0
74171,Chico Alencar,2024,PSOL,RJ,11622.410000000003,0.0
204462,Chris Tonietto,2024,PL,RJ,3733.51,154.7
220665,Clarissa Tércio,2024,PP,PE,72803.4,75.12
74537,Claudio Cajado,2024,PP,BA,6470.400000000001,52.32
141408,Cleber Verde,2024,MDB,MA,55067.45999999999,3062.6
88256,Clodoaldo Magalhães,2024,PV,PE,3848.3,0.0
98148,Cobalchini,2024,MDB,SC,2444.26,20.41
204376,Coronel Armando,2024,PP,SC,0.0,0.0
220594,Coronel Assis,2024,UNIÃO,MT,4154.759999999999,0.0
204378,Coronel Chrisóstomo,2024,PL,RO,11921.789999999999,2.75
220595,Coronel Fernanda,2024,PL,MT,3483.880000000001,285.21000000000004
220666,Coronel Meira,2024,PL,PE,3265.800000000001,32.15
220590,Coronel Ulysses,2024,UNIÃO,AC,8511.72,0.0
178963,Covatti Filho,2024,PP,RS,3329.83,0.0
220608,Cristiane Lopes,2024,UNIÃO,RO,14408.25,0.0
204355,Da Vitoria,2024,PP,ES,95018.3,98.6
141411,Dagoberto Nogueira,2024,PSDB,MS,7921.509999999999,143.06
220555,Daiana Santos,2024,PCdoB,RS,2875.16,0.0
220692,Dal Barreto,2024,UNIÃO,BA,4817.07,0.0
74467,Damião Feliciano,2024,UNIÃO,PB,242330.77000000002,0.0
220629,Dandara,2024,PT,MG,24831.260000000002,597.67
220603,Dani Cunha,2024,UNIÃO,RJ,103589.03,5314.49
220571,Daniel Agrobom,2024,PL,GO,44280.0,0.0
74060,Daniel Almeida,2024,PCdoB,BA,7879.08,174.33
220582,Daniel Barbosa,2024,PP,AL,2403.1,0.0
204367,Daniel Freitas,2024,PL,SC,2049.41,0.0
204409,Daniel Trzeciak,2024,PSDB,RS,25750.460000000003,180.51
204459,Daniela do Waguinho,2024,UNIÃO,RJ,45596.39,8.0
220557,Daniela Reinehr,2024,PL,SC,31802.059999999998,689.92
62881,Danilo Forte,2024,UNIÃO,CE,2913.86,4.1
160552,Danrlei de Deus Hinterholz,2024,PSD,RS,4743.64,0.0
204511,David Soares,2024,UNIÃO,SP,18110.44,0.0
220659,Dayany Bittencourt,2024,UNIÃO,CE,15770.92,7.53
220539,Defensor Stélio Dener,2024,REPUBLICANOS,RR,73701.74999999999,35.59
220565,Delegada Adriana Accorsi,2024,PT,GO,10871.69,25.06
220625,Delegada Ione,2024,AVANTE,MG,69195.97000000002,0.0
220561,Delegada Katarina,2024,PSD,SE,4415.1,0.0
220642,Delegado Bruno Lima,2024,PP,SP,4951.580000000001,0.0
220673,Delegado Caveira,2024,PL,PA,5167.7300000000005,0.0
220649,Delegado da Cunha,2024,PP,SP,44136.39,70.42
178908,Delegado Éder Mauro,2024,PL,PA,239556.08,0.0
220583,Delegado Fabio Costa,2024,PP,AL,42423.72,0.0
204512,Delegado Marcelo Freitas,2024,UNIÃO,MG,4134.38,18.21
220701,Delegado Matheus Laiola,2024,UNIÃO,PR,89768.64,140.2
220652,Delegado Palumbo,2024,MDB,SP,44696.0,8.53
220654,Delegado Paulo Bilynskyj,2024,PL,SP,41158.95000000001,1.96
220619,Delegado Ramagem,2024,PL,RJ,20166.64,4.48
220553,Denise Pessôa,2024,PT,RS,10245.0,0.0
220689,Detinha,2024,PL,MA,31206.33,0.0
160588,Diego Andrade,2024,PSD,MG,34900.60999999999,36.36
220691,Diego Coronel,2024,PSD,BA,7789.91,0.0
178929,Diego Garcia,2024,REPUBLICANOS,PR,8855.599999999999,677.45
73768,Dilceu Sperafico,2024,PP,PR,18726.4,9.5
220671,Dilvanda Faro,2024,PT,PA,24971.53,0.0
160599,Dimas Fabiano,2024,PP,MG,8915.0,0.0
220602,Dimas Gadelha,2024,PT,RJ,24557.5,749.0200000000001
143632,Domingos Neto,2024,PSD,CE,25720.590000000004,42.209999999999994
160758,Domingos Sávio,2024,PL,MG,4718.340000000001,16.599999999999998
220573,Dorinaldo Malafaia,2024,PDT,AP,8506.05,0.0
227433,Douglas Viegas,2024,UNIÃO,SP,3575.570000000001,0.0
204450,Doutor Luizinho,2024,PP,RJ,4442.910000000001,0.0
220610,Dr. Fernando Máximo,2024,UNIÃO,RO,5987.58,0.0
220688,Dr. Francisco,2024,PT,PI,9511.33,2.11
204518,Dr. Frederico,2024,PRD,MG,20125.64,0.21
220570,Dr. Ismael Alexandrino,2024,PSD,GO,22201.589999999993,0.0
204481,Dr. Jaziel,2024,PL,CE,45300.0,0.0
204351,Dr. Luiz Ovando,2024,PP,MS,4424.17,0.0
220528,Dr. Victor Linhalis,2024,PODE,ES,3451.6400000000003,94.91
204412,Dr. Zacharias Calil,2024,UNIÃO,GO,1745.9999999999998,2.58
220674,Dra. Alessandra Haber,2024,MDB,PA,8417.3,0.0
220686,Duarte Jr.,2024,PSB,MA,22997.539999999997,283.44
220540,Duda Ramos,2024,MDB,RR,62550.5,4642.73
220623,Duda Salabert,2024,PDT,MG,2841.25,168.9
92346,Eduardo Bolsonaro,2024,PL,SP,14050.08,0.0
141421,Eduardo da Fonte,2024,PP,PE,5208.93,0.0
220589,Eduardo Velloso,2024,UNIÃO,AC,3982.42,13.0
74075,Elcione Barbalho,2024,MDB,PA,7355.32,115.66
204364,Eli Borges,2024,PL,TO,7175.75,138.05
178854,Elmar Nascimento,2024,UNIÃO,BA,5882.7699999999995,0.0
218086,Ely Santos,2024,REPUBLICANOS,SP,6711.42,0.0
198783,Emanuel Pinheiro Neto,2024,MDB,MT,2637.82,3.5
161550,Emidinho Madeira,2024,PL,MG,37794.979999999996,0.0
225730,Enfermeira Ana Paula,2024,PODE,CE,0.0,0.0
230765,Enfermeira Rejane,2024,PCdoB,RJ,0.0,0.0
220663,Eriberto Medeiros,2024,PSB,PE,76225.42000000001,0.0
220645,Erika Hilton,2024,PSOL,SP,3034.4,0.0
160575,Erika Kokay,2024,PT,DF,6632.520000000001,0.0
160640,Eros Biondini,2024,PL,MG,3083.13,32.67
204482,Euclydes Pettersen,2024,REPUBLICANOS,MG,30028.89,10449.0
178871,Evair Vieira de Melo,2024,PP,ES,8043.21,0.0
220681,Fábio Macedo,2024,PODE,MA,271447.9,0.0
171623,Fabio Reis,2024,PSD,SE,11866.81,0.07
204368,Fabio Schiochet,2024,UNIÃO,SC,4181.75,0.0
220653,Fábio Teruel,2024,MDB,SP,15854.33,68.35
66828,Fausto Pinato,2024,PP,SP,38145.25,0.0
220712,Fausto Santos Jr.,2024,UNIÃO,AM,30871.950000000004,0.0
220646,Felipe Becari,2024,UNIÃO,SP,152.44,0.0
72442,Felipe Carreras,2024,PSB,PE,4706.86,0.0
204398,Felipe Francischini,2024,UNIÃO,PR,7817.7699999999995,69.84
160666,Félix Mendonça Júnior,2024,PDT,BA,4371.049999999999,13.23
204407,Fernanda Melchionna,2024,PSOL,RS,4303.0,0.0
220656,Fernanda Pessoa,2024,UNIÃO,CE,4876.460000000001,0.0
141431,Fernando Coelho Filho,2024,UNIÃO,PE,4518.81,0.0
204445,Fernando Mineiro,2024,PT,RN,33343.74,0.0
92699,Fernando Monteiro,2024,REPUBLICANOS,PE,182657.3,1186.54
204427,Fernando Rodolfo,2024,PL,PE,43778.02999999999,0.0
204411,Filipe Barros,2024,PL,PR,2298.0,0.0
220545,Filipe Martins,2024,PL,TO,8162.629999999999,47.949999999999996
160598,Flávia Morais,2024,PDT,GO,43826.84,34.660000000000004
191923,Flávio Nogueira,2024,PT,PI,1449.38,0.0
220700,Florentino Neto,2024,PT,PI,6764.77,163.84
220551,Franciane Bayer,2024,REPUBLICANOS,RS,72565.23,845.33
204494,Fred Costa,2024,PRD,MG,4774.360000000001,173.0
220534,Fred Linhares,2024,REPUBLICANOS,DF,19462.0,0.0
224117,Gabriel Mota,2024,REPUBLICANOS,RR,168666.66999999998,333.33
220708,Gabriel Nunes,2024,PSD,BA,7563.6900000000005,24.19
204473,General Girão,2024,PL,RN,3064.2,0.0
220611,General Pazuello,2024,PL,RJ,45024.619999999995,1339.23
178966,Geovania de Sá,2024,PSDB,SC,4390.16,1180.0900000000001
220702,Geraldo Mendes,2024,UNIÃO,PR,47413.64,654.91
74374,Geraldo Resende,2024,PSDB,MS,42401.869999999995,91.06
204394,Gervásio Maia,2024,PSB,PB,9063.3,0.0
74383,Giacobo,2024,PL,PR,418683.5,0.0
204491,Gilberto Abramo,2024,REPUBLICANOS,MG,12344.49,454.4
74270,Gilberto Nascimento,2024,PSD,SP,92927.0,0.0
220529,Gilson Daniel,2024,PODE,ES,2369.07,59.989999999999995
204365,Gilson Marques,2024,NOVO,SC,4297.15,0.0
220526,Gilvan da Federal,2024,PL,ES,10533.630000000001,2.74
160673,Giovani Cherini,2024,PL,RS,56309.490000000005,408.78999999999996
226179,Gisela Simona,2024,UNIÃO,MT,29836.9,21.8
152605,Glauber Braga,2024,PSOL,RJ,7561.04,2.11
198197,Greyce Elias,2024,AVANTE,MG,6547.72,6.949999999999999
220639,Guilherme Boulos,2024,PSOL,SP,10863.0,0.0
220664,Guilherme Uchoa,2024,PSB,PE,3433.34,0.0
220568,Gustavo Gayer,2024,PL,GO,61350.0,0.0
204408,Gustinho Ribeiro,2024,REPUBLICANOS,SE,308686.33999999997,0.0
204456,Gutemberg Reis,2024,MDB,RJ,12728.269999999999,571.34
178964,Heitor Schuch,2024,PSB,RS,2720.94,119.37
178873,Helder Salomão,2024,PT,ES,1267.08,7.78
220537,Helena Lima,2024,MDB,RR,19485.190000000002,247.26
204444,Helio Lopes,2024,PL,RJ,3928.7999999999997,0.0
220672,Henderson Pinto,2024,MDB,PA,12129.779999999999,0.0
204539,Hercílio Coelho Diniz,2024,MDB,MG,4280.4800000000005,0.0
178884,Hildo Rocha,2024,MDB,MA,3827.78,0.0
141450,Hugo Leal,2024,PSD,RJ,9752.13,726.57
160674,Hugo Motta,2024,REPUBLICANOS,PB,3743.99,0.0
220563,Icaro de Valmir,2024,PL,SE,8185.05,36.0
204508,Igor Timo,2024,PSD,MG,9375.539999999999,26.93
98615,Ismael,2024,PSD,SC,14168.67,30.17
204436,Isnaldo Bulhões Jr.,2024,MDB,AL,3570.0,0.0
73531,Ivan Valente,2024,PSOL,SP,5296.289999999999,112.73000000000002
220696,Ivoneide Caetano,2024,PT,BA,8025.790000000001,34.0
220670,Iza Arruda,2024,MDB,PE,3277.7,0.0
220527,Jack Rocha,2024,PT,ES,2432.06,25.6
220697,Jadyel Alencar,2024,REPUBLICANOS,PI,20690.54,274.99
74848,Jandira Feghali,2024,PCdoB,RJ,4935.540000000001,26.65
220567,Jeferson Rodrigues,2024,REPUBLICANOS,GO,12935.490000000002,45.730000000000004
74273,Jefferson Campos,2024,PL,SP,72297.3,204.08
141456,Jilmar Tatto,2024,PT,SP,28072.500000000004,829.59
141458,João Carlos Bacelar,2024,PL,BA,5956.370000000001,0.0
230957,João Cury,2024,MDB,SP,0.0,0.0
178970,João Daniel,2024,PT,SE,3088.97,182.42999999999998
74550,João Leão,2024,PP,BA,4281.28,0.0
141459,João Maia,2024,PP,RN,13820.2,0.0
178910,Joaquim Passarinho,2024,PL,PA,6081.639999999999,7.03
160548,Jonas Donizette,2024,PSB,SP,9237.490000000002,320.5
205550,Jorge Braz,2024,REPUBLICANOS,RJ,65644.66,162.92
178857,Jorge Solla,2024,PT,BA,14919.84,0.0
141464,José Airton Félix Cirilo,2024,PT,CE,18466.460000000003,0.0
141470,José Guimarães,2024,PT,CE,1098.2199999999998,0.0
204472,José Medeiros,2024,PL,MT,49733.2,0.0
204391,José Nelto,2024,UNIÃO,GO,5849.339999999998,32.0
74079,José Priante,2024,MDB,PA,7251.36,577.83
74554,José Rocha,2024,UNIÃO,BA,11910.920000000002,509.09000000000003
209189,Joseildo Ramos,2024,PT,BA,29039.600000000006,0.0
220578,Josenildo,2024,PDT,AP,3352.3599999999997,0.0
74141,Josias Gomes,2024,PT,BA,3843.14,0.0
204563,Josimar Maranhãozinho,2024,PL,MA,12757.470000000001,3560.78
215043,Josivaldo JP,2024,PSD,MA,20079.78,0.0
204474,Juarez Costa,2024,MDB,MT,21727.5,0.0
220559,Julia Zanatta,2024,PL,SC,8091.9,185.66
220640,Juliana Cardoso,2024,PT,SP,13448.0,0.0
66385,Julio Arcoverde,2024,PP,PI,72432.47000000002,119.9
74317,Júlio Cesar,2024,PSD,PI,71289.58,0.0
204372,Julio Cesar Ribeiro,2024,REPUBLICANOS,DF,8495.02,61.57
74253,Julio Lopes,2024,PP,RJ,197078.30000000005,0.0
204457,Juninho do Pneu,2024,UNIÃO,RJ,21970.06,35.52
204520,Junio Amaral,2024,PL,MG,3508.4700000000007,25.48
204497,Júnior Ferrari,2024,PSD,PA,2635.8799999999997,0.0
204574,Junior Lourenço,2024,PL,MA,105644.98000000001,29.9
204550,Júnior Mano,2024,PSB,CE,7018.629999999999,0.0
178886,Juscelino Filho,2024,UNIÃO,MA,0.0,0.0
220677,Keniston Braga,2024,MDB,PA,12277.099999999999,0.0
162067,Kiko Celeguim,2024,PT,SP,108269.97000000002,0.0
204536,Kim Kataguiri,2024,UNIÃO,SP,26812.600000000002,8.39
98057,Lafayette de Andrada,2024,REPUBLICANOS,MG,5200.81,0.0
74856,Laura Carneiro,2024,PSD,RJ,16337.4,327.42999999999995
220566,Lêda Borges,2024,PSDB,GO,35715.57,68.71
231911,Lenir de Assis,2024,PT,PR,0.0,0.0
80815,Leo Prates,2024,PDT,BA,85050.86,0.0
74156,Leonardo Monteiro,2024,PT,MG,70074.91,0.0
74299,Leônidas Cristino,2024,PDT,CE,18459.61,1264.3899999999999
92102,Leur Lomanto Júnior,2024,UNIÃO,BA,72827.69999999998,48.04
139285,Lídice da Mata,2024,PSB,BA,13062.380000000003,0.0
74585,Lincoln Portela,2024,PL,MG,7417.02,18.8
74858,Lindbergh Farias,2024,PT,RJ,25543.200000000004,0.0
220662,Lucas Ramos,2024,PSB,PE,2595.1000000000004,6.859999999999999
204404,Lucas Redecker,2024,PSDB,RS,38649.9,0.0
138286,Luciano Alves,2024,PSD,PR,3919.4800000000005,0.0
220581,Luciano Amaral,2024,PSD,AL,2573.53,34.39
74478,Luciano Bivar,2024,UNIÃO,PE,17083.49,0.0
178931,Luciano Ducci,2024,PSB,PR,31384.5,0.0
220616,Luciano Vieira,2024,REPUBLICANOS,RJ,127614.52000000002,28.36
178954,Lucio Mosquini,2024,MDB,RO,4955.4400000000005,0.0
222429,Luis Carlos Gomes,2024,REPUBLICANOS,RJ,12183.3,0.0
160510,Luis Tibé,2024,AVANTE,MG,63215.67999999999,410.8
204410,Luisa Canziani,2024,PSD,PR,46533.159999999996,11.87
141485,Luiz Carlos Busato,2024,UNIÃO,RS,3539.8700000000003,0.0
73778,Luiz Carlos Hauly,2024,PODE,PR,12829.779999999997,4.44
204485,Luiz Carlos Motta,2024,PL,SP,20595.6,0.0
74041,Luiz Couto,2024,PT,PB,37853.00999999999,4.15
141487,Luiz Fernando Faria,2024,PSD,MG,20725.25,0.0
229432,Luiz Fernando Vampiro,2024,MDB,SC,3041.7700000000004,0.0
220658,Luiz Gastão,2024,PSD,CE,14269.300000000001,24.92
204455,Luiz Lima,2024,NOVO,RJ,4746.570000000001,29.349999999999998
162332,Luiz Nishimori,2024,PSD,PR,13571.220000000001,0.0
204526,Luiz Philippe de Orleans e Bragança,2024,PL,SP,11014.600000000002,0.0
74784,Luiza Erundina,2024,PSOL,SP,2708.3100000000004,0.0
178866,Luizianne Lins,2024,PT,CE,61059.0,0.0
220669,Lula da Fonte,2024,PP,PE,4277.6,0.0
166402,Magda Mofatto,2024,PRD,GO,197712.24999999994,74.81
220648,Marangoni,2024,UNIÃO,SP,14780.0,0.0
156190,Marcel van Hattem,2024,NOVO,RS,3553.92,0.0
179000,Marcelo Álvaro Antônio,2024,PL,MG,11400.63,0.0
220599,Marcelo Crivella,2024,REPUBLICANOS,RJ,2987.6899999999996,31.0
133810,Marcelo Moraes,2024,PL,RS,3989.5299999999997,29.84
160161,Marcelo Queiroz,2024,PSDB,RJ,2791.13,0.0
178983,Marcio Alvino,2024,PL,SP,6881.780000000002,0.0
179001,Márcio Biolchi,2024,MDB,RS,29419.32,0.0
220687,Márcio Honaiser,2024,PDT,MA,32642.62,2402.86
81055,Márcio Jerry,2024,PCdoB,MA,24610.0,311.08
150418,Márcio Marinho,2024,REPUBLICANOS,BA,20019.67,169.16
160535,Marcon,2024,PT,RS,4396.4400000000005,0.0
204431,Marcos Aurélio Sampaio,2024,PSD,PI,1326.09,0.0
204506,Marcos Pereira,2024,REPUBLICANOS,SP,7070.500000000001,0.0
220547,Marcos Pollon,2024,PL,MS,19743.64,8.87
178943,Marcos Soares,2024,UNIÃO,RJ,2852.38,0.0
220604,Marcos Tavares,2024,PDT,RJ,93113.16,134.74
220668,Maria Arraes,2024,SOLIDARIEDADE,PE,7973.160000000001,90.30000000000001
74398,Maria do Rosário,2024,PT,RS,19199.96,25.96
204540,Maria Rosas,2024,REPUBLICANOS,SP,9950.36,0.0
220655,Mario Frias,2024,PL,SP,104550.2,0.0
74158,Mário Heringer,2024,PDT,MG,126043.79999999999,0.0
178858,Mário Negromonte Jr.,2024,PP,BA,3729.2300000000005,0.0
204566,Marreca Filho,2024,PRD,MA,13116.75,220.8
220572,Marussa Boldrin,2024,MDB,GO,19128.29,34.150000000000006
178843,Marx Beltrão,2024,PP,AL,4111.2,0.0
220661,Matheus Noronha,2024,PL,CE,55720.84000000001,125.0
220609,Maurício Carvalho,2024,UNIÃO,RO,26273.22,0.0
220628,Mauricio do Vôlei,2024,PL,MG,2390.6200000000003,0.0
220550,Mauricio Marcon,2024,PODE,RS,16650.0,0.0
220647,Mauricio Neves,2024,PP,SP,236876.51,0.0
204486,Mauro Benevides Filho,2024,PDT,CE,8312.76,385.13999999999993
220607,Max Lemos,2024,PDT,RJ,75582.44,0.0
220591,Meire Serafim,2024,UNIÃO,AC,28591.04,0.0
74428,Mendonça Filho,2024,UNIÃO,PE,15634.429999999998,0.0
188097,Merlong Solano,2024,PT,PI,6984.1,1594.5300000000002
220585,Mersinho Lucena,2024,PP,PB,4001.95,0.0
220530,Messias Donato,2024,REPUBLICANOS,ES,4574.8600000000015,123.41
171786,Miguel Ângelo,2024,PT,MG,4927.82,16.63
178985,Miguel Lombardi,2024,PL,SP,4294.719999999999,0.0
178895,Misael Varella,2024,PSD,MG,8168.35,489.7
160561,Missionário José Olimpio,2024,PL,SP,0.0,0.0
178997,Moses Rodrigues,2024,UNIÃO,CE,3601.6699999999996,0.0
220617,Murillo Gouvea,2024,UNIÃO,RJ,11489.85,0.0
220584,Murilo Galdino,2024,REPUBLICANOS,PB,5300.01,0.0
204453,Natália Bonavides,2024,PT,RN,2263.21,12.239999999999998
233218,Nelinho Freitas,2024,MDB,CE,0.0,0.0
204449,Nelson Barbudo,2024,PL,MT,4858.320000000001,8.2
220622,Nely Aquino,2024,PODE,MG,4428.51,310.07
220703,Neto Carletto,2024,AVANTE,BA,5903.81,0.0
178896,Newton Cardoso Jr,2024,MDB,MG,40341.08,1033.33
204479,Nicoletti,2024,UNIÃO,RR,47318.2,0.0
209787,Nikolas Ferreira,2024,PL,MG,9299.57,23.130000000000003
178986,Nilto Tatto,2024,PT,SP,43619.159999999996,0.0
74159,Odair Cunha,2024,PT,MG,1673.2400000000002,4.35
204498,Olival Marques,2024,MDB,PA,390700.0,0.0
178987,Orlando Silva,2024,PCdoB,SP,5113.99,0.0
73692,Osmar Terra,2024,PL,RS,14535.390000000001,438.73
204422,Ossesio Silva,2024,REPUBLICANOS,PE,7869.07,9.0
204441,Otoni de Paula,2024,MDB,RJ,10930.24,0.0
204573,Otto Alencar Filho,2024,PSD,BA,5460.95,24.32
220706,Padovani,2024,UNIÃO,PR,5711.98,0.0
160556,Padre João,2024,PT,MG,5128.04,22.03
230762,Pastor Claudio Mariano,2024,UNIÃO,PA,0.0,0.0
180214,Pastor Diniz,2024,UNIÃO,RR,44549.56,7.48
160642,Pastor Eurico,2024,PL,PE,4407.36,0.0
204570,Pastor Gil,2024,PL,MA,3268.54,0.0
220615,Pastor Henrique Vieira,2024,PSOL,RJ,18376.89,424.55999999999995
204553,Pastor Sargento Isidório,2024,AVANTE,BA,18489.64,0.0
74160,Patrus Ananias,2024,PT,MG,4105.01,13.44
74095,Pauderney Avelino,2024,UNIÃO,AM,11664.66,0.0
171617,Paulão,2024,PT,AL,29457.75,117.41000000000001
141518,Paulinho da Força,2024,SOLIDARIEDADE,SP,1793.1699999999998,0.0
141516,Paulo Abi-Ackel,2024,PSDB,MG,10065.93,55.09
220650,Paulo Alexandre Barbosa,2024,PSDB,SP,10832.88,20.59
178860,Paulo Azi,2024,UNIÃO,BA,3699.2499999999995,0.0
160517,Paulo Folletto,2024,PSB,ES,3363.9100000000003,0.0
160558,Paulo Freire Costa,2024,PL,SP,52423.490000000005,0.0
204492,Paulo Guedes,2024,PT,MG,34300.0,0.0
233592,Paulo Lemos,2024,PSOL,AP,0.0,0.0
220685,Paulo Litro,2024,PSD,PR,5062.83,0.0
74574,Paulo Magalhães,2024,PSD,BA,7214.029999999999,110.51999999999998
74400,Paulo Pimenta,2024,PT,RS,0.0,0.0
220630,Pedro Aihara,2024,PRD,MG,18763.969999999998,0.0
220667,Pedro Campos,2024,PSB,PE,5410.67,54.25
122974,Pedro Lucas Fernandes,2024,UNIÃO,MA,17153.75,13.85
204395,Pedro Lupion,2024,PP,PR,30927.94,0.0
122158,Pedro Paulo,2024,PSD,RJ,204417.1,948.4799999999999
160604,Pedro Uczai,2024,PT,SC,20473.08,1842.73
204406,Pedro Westphalen,2024,PP,RS,7137.160000000001,0.0
161440,Pezenti,2024,MDB,SC,15135.830000000002,762.75
204524,Pinheirinho,2024,PP,MG,8931.66,0.0
73486,Pompeo de Mattos,2024,PDT,RS,1788.4399999999998,48.34
160601,Pr. Marco Feliciano,2024,PL,SP,22164.909999999996,0.0
220533,Prof. Reginaldo Veras,2024,PV,DF,124816.56999999999,9.9
204390,Professor Alcides,2024,PL,GO,152038.35000000003,0.0
221338,Professora Luciene Cavalcante,2024,PSOL,SP,58456.810000000005,27.2
160641,Professora Marcivania,2024,PCdoB,AP,0.0,0.0
220586,Rafael Brito,2024,MDB,AL,5263.48,194.08
233594,Rafael Fera,2024,PODE,RO,0.0,0.0
220532,Rafael Prudente,2024,MDB,DF,55965.0,9.0
220626,Rafael Simoes,2024,UNIÃO,MG,10344.1,0.0
204567,Raimundo Costa,2024,PODE,BA,32010.329999999998,13.45
74084,Raimundo Santos,2024,PSD,PA,14778.970000000001,104.89
74161,Reginaldo Lopes,2024,PT,MG,6912.32,102.46000000000001
220606,Reimont,2024,PT,RJ,6157.530000000001,10.18
205865,Reinhold Stephanes,2024,PSD,PR,14456.609999999999,2062.11
178989,Renata Abreu,2024,PODE,SP,52078.6,2200.0
153423,Renilce Nicodemos,2024,MDB,PA,81420.0,0.0
73801,Renildo Calheiros,2024,PCdoB,PE,6029.530000000001,132.54
175765,Ribamar Silva,2024,PSD,SP,17257.95,53.0
221329,Ricardo Abrão,2024,UNIÃO,RJ,19246.03,0.0
220543,Ricardo Ayres,2024,REPUBLICANOS,TO,11277.36,0.0
73788,Ricardo Barros,2024,PP,PR,0.0,0.0
204362,Ricardo Guidi,2024,PL,SC,3356.77,3.74
220694,Ricardo Maia,2024,MDB,BA,52000.0,0.0
220633,Ricardo Salles,2024,NOVO,SP,4766.48,0.0
204489,Robério Monteiro,2024,PDT,CE,2071.0,0.0
220693,Roberta Roma,2024,PL,BA,25643.459999999995,14.9
220588,Roberto Duarte,2024,REPUBLICANOS,AC,23473.02,0.0
220613,Roberto Monteiro Pai,2024,PL,RJ,29805.0,0.0
220624,Robinson Faria,2024,PP,RN,5080.17,19.189999999999998
220546,Rodolfo Nogueira,2024,PL,MS,9950.0,0.0
230767,Rodrigo da Zaeli,2024,PL,MT,0.0,0.0
141531,Rodrigo de Castro,2024,UNIÃO,MG,6673.74,19.9
223128,Rodrigo Estacho,2024,PSD,PR,1692.8600000000004,19.98
220641,Rodrigo Gambale,2024,PODE,SP,86124.61,23.64
141533,Rodrigo Rollemberg,2024,PSB,DF,0.0,0.0
165470,Rodrigo Valadares,2024,UNIÃO,SE,10775.619999999999,14.54
220695,Rogéria Santos,2024,REPUBLICANOS,BA,38689.17,10.39
204480,Rogério Correia,2024,PT,MG,6156.370000000001,99.36
160629,Romero Rodrigues,2024,PODE,PB,1781.63,103.96
163321,Ronaldo Nogueira,2024,REPUBLICANOS,RS,6073.99,203.19
204525,Rosana Valle,2024,PL,SP,4445.3,0.0
220644,Rosangela Moro,2024,UNIÃO,SP,74397.25,0.0
220620,Rosângela Reis,2024,PL,MG,8763.81,3.86
74371,Rubens Otoni,2024,PT,GO,5328.640000000001,0.65
178887,Rubens Pereira Júnior,2024,PT,MA,34372.4,0.0
73604,Rui Falcão,2024,PT,SP,9702.99,6.7
160635,Ruy Carneiro,2024,PODE,PB,10598.65,0.0
204535,Sâmia Bomfim,2024,PSOL,SP,22900.0,0.0
233598,Samuel Santos,2024,PODE,GO,0.0,0.0
220631,Samuel Viana,2024,REPUBLICANOS,MG,5788.010000000001,0.0
204416,Sanderson,2024,PL,RS,33209.89,70.53000000000002
204387,Sargento Fahur,2024,PSD,PR,3653.47,31.259999999999998
220621,Sargento Gonçalves,2024,PL,RN,8851.63,1.0
220618,Sargento Portugal,2024,PODE,RJ,31752.719999999998,1181.0
226837,Saulo Pedroso,2024,PSD,SP,72990.43000000001,15.81
178933,Sergio Souza,2024,MDB,PR,11297.9,758.26
204557,Sidney Leite,2024,PSD,AM,2603.85,0.0
74356,Silas Câmara,2024,REPUBLICANOS,AM,373733.37,0.0
204360,Silvia Cristina,2024,PP,RO,32715.079999999998,0.15
220569,Silvye Alves,2024,UNIÃO,GO,60971.9,0.0
220651,Simone Marquetto,2024,MDB,SP,4907.210000000001,0.0
104552,Socorro Neri,2024,PP,AC,6664.75,0.0
178946,Soraya Santos,2024,PL,RJ,99606.8,0.0
178947,Sóstenes Cavalcante,2024,PL,RJ,11293.7,0.0
92776,Stefano Aguiar,2024,PSD,MG,17914.8,0.0
204534,Tabata Amaral,2024,PSB,SP,4264.17,0.0
220682,Tadeu Veneri,2024,PT,PR,2435.51,6.93
204464,Talíria Petrone,2024,PSOL,RJ,9351.5,49.33
220598,Tarcísio Motta,2024,PSOL,RJ,6858.38,0.0
220560,Thiago de Joaldo,2024,PP,SE,12355.71,0.0
220597,Thiago Flores,2024,REPUBLICANOS,RO,7746.24,0.0
143084,Tiago Dimas,2024,PODE,TO,0.0,0.0
220684,Tião Medeiros,2024,PP,PR,18681.2,2835.9900000000007
160976,Tiririca,2024,PL,SP,3193.2,0.0
178934,Toninho Wandscheer,2024,PP,PR,12819.529999999997,610.8899999999999
157130,Túlio Gadêlha,2024,REDE,PE,30557.479999999996,0.0
160610,Valmir Assunção,2024,PT,BA,4170.549999999999,144.30999999999997
74376,Vander Loubet,2024,PT,MS,4628.98,14.0
204396,Vermelho,2024,PP,PR,8337.780000000002,257.82
74283,Vicentinho,2024,PT,SP,7613.35,0.0
137070,Vicentinho Júnior,2024,PP,TO,124465.0,0.0
141555,Vinicius Carvalho,2024,REPUBLICANOS,SP,10664.01,1.21
160591,Vinicius Gurgel,2024,PL,AP,22560.0,0.0
178992,Vitor Lippi,2024,PSDB,SP,4935.0,0.0
91228,Waldemar Oliveira,2024,AVANTE,PE,2784.65,5.73
160569,Waldenor Pereira,2024,PT,BA,14819.740000000002,650.87
160518,Weliton Prado,2024,SOLIDARIEDADE,MG,31607.809999999998,6.04
74043,Wellington Roberto,2024,PL,PB,7482.87,0.0
224333,Welter,2024,PT,PR,14893.15,12.68
74044,Wilson Santiago,2024,REPUBLICANOS,PB,25891.72,853.33
220564,Yandra Moura,2024,UNIÃO,SE,8870.5,0.0
220660,Yury do Paredão,2024,MDB,CE,4511.43,0.0
230768,Zé Adriano,2024,PP,AC,0.0,0.0
220536,Zé Haroldo Cathedral,2024,PSD,RR,22632.690000000002,26.06
204559,Zé Neto,2024,PT,BA,40321.42,10.86
160632,Zé Silva,2024,SOLIDARIEDADE,MG,5124.660000000001,437.57
220558,Zé Trovão,2024,PL,SC,3433.04,4.42
204517,Zé Vitor,2024,PL,MG,3158.0000000000005,0.0
160592,Zeca Dirceu,2024,PT,PR,21402.0,0.0
220592,Zezinho Barbary,2024,PP,AC,3142.8199999999997,0.0
220552,Zucco,2024,PL,RS,8959.299999999997,0.0
204379,Acácio Favacho,2025,MDB,AP,7972.24,0.0
220714,Adail Filho,2025,REPUBLICANOS,AM,1750.02,0.0
221328,Adilson Barroso,2025,PL,SP,39198.29000000001,0.0
204560,Adolfo Viana,2025,PSDB,BA,8420.33,0.0
204528,Adriana Ventura,2025,NOVO,SP,15147.7,0.0
121948,Adriano do Baldy,2025,PP,GO,6204.7,32.199999999999996
74646,Aécio Neves,2025,PSDB,MG,60256.16,2.18
136811,Afonso Hamm,2025,PP,RS,8182.460000000002,17.22
178835,Afonso Motta,2025,PDT,RS,17782.68,414.01
160527,Aguinaldo Ribeiro,2025,PP,PB,6015.25,21.9
204495,Airton Faleiro,2025,PT,PA,3037.63,13.0
204549,AJ Albuquerque,2025,PP,CE,7743.779999999999,0.0
73579,Alberto Fraga,2025,PL,DF,53985.0,0.0
220538,Albuquerque,2025,REPUBLICANOS,RR,6151.700000000001,32.0
160559,Alceu Moreira,2025,MDB,RS,10101.550000000003,201.34
204501,Alencar Santana,2025,PT,SP,3601.4299999999994,50.559999999999995
178972,Alex Manente,2025,CIDADANIA,SP,15758.769999999999,4379.8499999999985
204571,Alex Santana,2025,REPUBLICANOS,BA,3594.28,0.0
220542,Alexandre Guimarães,2025,MDB,TO,7246.290000000001,261.05
220554,Alexandre Lindenmeyer,2025,PT,RS,28868.660000000003,4.84
221148,Alfredinho,2025,PT,SP,15109.82,16.3
220576,Alfredo Gaspar,2025,UNIÃO,AL,7473.780000000001,92.96000000000001
74057,Alice Portugal,2025,PCdoB,BA,25396.39,0.0
178927,Aliel Machado,2025,PV,PR,44506.0,0.0
204353,Aline Gurgel,2025,REPUBLICANOS,AP,0.0,0.0
226708,Allan Garcês,2025,PP,MA,12875.669999999998,0.0
178937,Altineu Côrtes,2025,PL,RJ,151300.0,0.0
178881,Aluisio Mendes,2025,REPUBLICANOS,MA,9380.25,172.76
220707,Amanda Gentil,2025,PP,MA,136300.0,0.0
204356,Amaro Neto,2025,REPUBLICANOS,ES,18498.72,434.37
220715,Amom Mandel,2025,CIDADANIA,AM,12391.61,0.0
107970,Ana Paula Leão,2025,PP,MG,6782.79,113.25999999999999
220556,Ana Paula Lima,2025,PT,SC,14096.07,31.4
220632,Ana Pimentel,2025,PT,MG,5295.62,3.62
178831,André Abdon,2025,PP,AP,0.0,0.0
220657,André Fernandes,2025,PL,CE,12179.649999999998,0.0
204423,André Ferreira,2025,PL,PE,3411.66,52.02
133439,André Figueiredo,2025,PDT,CE,3680.6800000000003,0.0
220676,Andreia Siqueira,2025,MDB,PA,63760.96,0.0
123756,Antônia Lúcia,2025,REPUBLICANOS,AC,261321.95,0.0
220544,Antonio Andrade,2025,REPUBLICANOS,TO,60940.869999999995,0.0
160553,Antonio Brito,2025,PSD,BA,46865.91,21.97
220638,Antonio Carlos Rodrigues,2025,PL,SP,11816.860000000002,0.0
220675,Antônio Doido,2025,MDB,PA,3955.43,0.0
220549,Any Ortiz,2025,CIDADANIA,RS,3237.6499999999996,181.25
73433,Arlindo Chinaglia,2025,PT,SP,24331.17,42.480000000000004
141391,Arnaldo Jardim,2025,CIDADANIA,SP,5738.069999999998,50.42
160541,Arthur Lira,2025,PP,AL,7797.0,0.0
160600,Arthur Oliveira Maia,2025,UNIÃO,BA,53505.1,0.0
74090,Átila Lins,2025,PSD,AM,64860.0,7695.93
123086,Átila Lira,2025,PP,PI,33156.369999999995,0.0
160665,Augusto Coutinho,2025,REPUBLICANOS,PE,10150.42,5.34
160512,Aureo Ribeiro,2025,SOLIDARIEDADE,RJ,9260.8,0.0
69871,Bacelar,2025,PV,BA,16914.96,0.0
178975,Baleia Rossi,2025,MDB,SP,5865.700000000001,34.870000000000005
220605,Bandeira de Mello,2025,PSB,RJ,9737.900000000001,0.0
220612,Bebeto,2025,PP,RJ,77759.40000000001,0.0
73701,Benedita da Silva,2025,PT,RJ,53878.44,27.36
109429,Benes Leocádio,2025,UNIÃO,RN,66024.68,0.02
204358,Beto Pereira,2025,PSDB,MS,11639.71,0.0
220683,Beto Richa,2025,PSDB,PR,13589.07,0.0
204374,Bia Kicis,2025,PL,DF,1713.8099999999997,0.0
204388,Bibo Nunes,2025,PL,RS,6246.65,0.0
160538,Bohn Gass,2025,PT,RS,44034.45,16.5
210989,Bruno Farias,2025,AVANTE,MG,5604.63,280.86
220635,Bruno Ganem,2025,PODE,SP,6124.500000000001,0.0
220574,Cabo Gilberto Silva,2025,PL,PB,4547.97,14.7
143942,Caio Vianna,2025,PSD,RJ,2461.2,0.0
220548,Camila Jara,2025,PT,MS,31245.120000000003,47.34
204572,Capitão Alberto Neto,2025,PL,AM,12542.619999999999,0.0
220690,Capitão Alden,2025,PL,BA,64668.189999999995,0.0
178829,Capitão Augusto,2025,PL,SP,9686.57,4.82
213762,Carla Dickson,2025,UNIÃO,RN,44070.67,19.35
178993,Carlos Henrique Gaguim,2025,UNIÃO,TO,67373.73999999999,933.94
204460,Carlos Jordy,2025,PL,RJ,32914.07,699.07
74262,Carlos Sampaio,2025,PSD,SP,45159.829999999994,51.86000000000001
204426,Carlos Veras,2025,PT,PE,5474.84,28.299999999999997
141398,Carlos Zarattini,2025,PT,SP,1878.2,21.23
220704,Carol Dartora,2025,PT,PR,23791.57,0.0
204369,Caroline de Toni,2025,PL,SC,4094.65,0.0
220699,Castro Neto,2025,PSD,PI,26927.0,0.0
206018,Célia Xakriabá,2025,PSOL,MG,9161.010000000004,6.93
178876,Célio Silveira,2025,MDB,GO,4175.61,0.0
204488,Célio Studart,2025,PSD,CE,40056.3,0.0
73441,Celso Russomanno,2025,REPUBLICANOS,SP,3787.2799999999997,0.18
204504,Cezinha de Madureira,2025,PSD,SP,48455.27,237.97
205476,Charles Fernandes,2025,PSD,BA,37652.57,0.0
74171,Chico Alencar,2025,PSOL,RJ,10465.370000000003,59.9
204462,Chris Tonietto,2025,PL,RJ,6034.269999999999,485.4200000000001
220665,Clarissa Tércio,2025,PP,PE,51179.97,18.22
74537,Claudio Cajado,2025,PP,BA,10821.51,686.85
141408,Cleber Verde,2025,MDB,MA,37498.0,0.0
88256,Clodoaldo Magalhães,2025,PV,PE,3717.7299999999996,0.0
98148,Cobalchini,2025,MDB,SC,6802.57,157.65
204376,Coronel Armando,2025,PP,SC,8457.36,0.0
220594,Coronel Assis,2025,UNIÃO,MT,11621.410000000002,0.0
204378,Coronel Chrisóstomo,2025,PL,RO,8126.0999999999985,0.0
220595,Coronel Fernanda,2025,PL,MT,33700.96,142.26999999999998
220666,Coronel Meira,2025,PL,PE,35655.62,80.66
220590,Coronel Ulysses,2025,UNIÃO,AC,31647.07,0.0
178963,Covatti Filho,2025,PP,RS,6145.53,12.49
220608,Cristiane Lopes,2025,UNIÃO,RO,28229.760000000002,0.0
204355,Da Vitoria,2025,PP,ES,54629.490000000005,192.87
141411,Dagoberto Nogueira,2025,PSDB,MS,6578.64,419.21999999999997
220555,Daiana Santos,2025,PCdoB,RS,12467.75,0.0
220692,Dal Barreto,2025,UNIÃO,BA,6109.379999999999,0.0
74467,Damião Feliciano,2025,UNIÃO,PB,174427.06,0.0
220629,Dandara,2025,PT,MG,19046.609999999997,1674.3799999999999
220603,Dani Cunha,2025,UNIÃO,RJ,70344.36000000002,106.74
220571,Daniel Agrobom,2025,PL,GO,45734.44,0.0
74060,Daniel Almeida,2025,PCdoB,BA,12625.130000000001,82.07
220582,Daniel Barbosa,2025,PP,AL,2014.6,0.0
204367,Daniel Freitas,2025,PL,SC,3116.9000000000005,13.26
204409,Daniel Trzeciak,2025,PSDB,RS,4270.9400000000005,134.88
204459,Daniela do Waguinho,2025,UNIÃO,RJ,3444.56,0.0
220557,Daniela Reinehr,2025,PL,SC,26326.030000000002,671.75
62881,Danilo Forte,2025,UNIÃO,CE,12039.3,37.47
160552,Danrlei de Deus Hinterholz,2025,PSD,RS,4505.03,0.0
204511,David Soares,2025,UNIÃO,SP,17330.64,26.270000000000003
220659,Dayany Bittencourt,2025,UNIÃO,CE,7667.88,0.0
220539,Defensor Stélio Dener,2025,REPUBLICANOS,RR,44209.32,12.23
220565,Delegada Adriana Accorsi,2025,PT,GO,12561.75,6.0
220625,Delegada Ione,2025,AVANTE,MG,42839.29,2.74
220561,Delegada Katarina,2025,PSD,SE,3563.8599999999997,0.0
220642,Delegado Bruno Lima,2025,PP,SP,81949.56,122.55000000000001
220673,Delegado Caveira,2025,PL,PA,6106.5,0.0
220649,Delegado da Cunha,2025,PP,SP,48482.39,61.919999999999995
178908,Delegado Éder Mauro,2025,PL,PA,180065.0,0.0
220583,Delegado Fabio Costa,2025,PP,AL,15046.78,840.0
204512,Delegado Marcelo Freitas,2025,UNIÃO,MG,3800.87,26.97
220701,Delegado Matheus Laiola,2025,UNIÃO,PR,52783.65,0.0
220652,Delegado Palumbo,2025,MDB,SP,49442.44,77.12
220654,Delegado Paulo Bilynskyj,2025,PL,SP,29843.55,0.0
220619,Delegado Ramagem,2025,PL,RJ,12026.550000000001,0.0
220553,Denise Pessôa,2025,PT,RS,17788.0,0.0
220689,Detinha,2025,PL,MA,214500.0,0.0
160588,Diego Andrade,2025,PSD,MG,35494.399999999994,169.34
220691,Diego Coronel,2025,PSD,BA,3624.9299999999994,105.0
178929,Diego Garcia,2025,REPUBLICANOS,PR,27274.4,0.0
73768,Dilceu Sperafico,2025,PP,PR,10991.46,0.0
220671,Dilvanda Faro,2025,PT,PA,65226.8,0.0
160599,Dimas Fabiano,2025,PP,MG,9980.14,0.0
220602,Dimas Gadelha,2025,PT,RJ,18085.14,580.53
143632,Domingos Neto,2025,PSD,CE,162886.05,0.0
160758,Domingos Sávio,2025,PL,MG,4259.65,0.0
220573,Dorinaldo Malafaia,2025,PDT,AP,7347.949999999999,0.25
227433,Douglas Viegas,2025,UNIÃO,SP,4190.27,0.0
204450,Doutor Luizinho,2025,PP,RJ,7400.3,0.0
220610,Dr. Fernando Máximo,2025,UNIÃO,RO,4423.99,0.0
220688,Dr. Francisco,2025,PT,PI,19813.489999999998,40.37
204518,Dr. Frederico,2025,PRD,MG,12007.51,1.56
220570,Dr. Ismael Alexandrino,2025,PSD,GO,6752.27,166.70999999999998
204481,Dr. Jaziel,2025,PL,CE,42100.0,0.0
204351,Dr. Luiz Ovando,2025,PP,MS,6565.67,25.740000000000002
220528,Dr. Victor Linhalis,2025,PODE,ES,26074.35,329.12
204412,Dr. Zacharias Calil,2025,UNIÃO,GO,2132.1099999999997,5.54
220674,Dra. Alessandra Haber,2025,MDB,PA,173140.31,0.0
220686,Duarte Jr.,2025,PSB,MA,101870.64,0.0
220540,Duda Ramos,2025,MDB,RR,47686.939999999995,35.0
220623,Duda Salabert,2025,PDT,MG,4287.06,62.089999999999996
92346,Eduardo Bolsonaro,2025,PL,SP,33586.729999999996,3985.82
141421,Eduardo da Fonte,2025,PP,PE,3693.6000000000004,0.0
220589,Eduardo Velloso,2025,UNIÃO,AC,3895.61,0.0
74075,Elcione Barbalho,2025,MDB,PA,8412.39,230.94
204364,Eli Borges,2025,PL,TO,8623.14,19.57
178854,Elmar Nascimento,2025,UNIÃO,BA,5321.329999999999,0.0
218086,Ely Santos,2025,REPUBLICANOS,SP,2374.73,0.0
198783,Emanuel Pinheiro Neto,2025,MDB,MT,2105.1300000000006,11.850000000000001
161550,Emidinho Madeira,2025,PL,MG,19862.500000000004,94.1
225730,Enfermeira Ana Paula,2025,PODE,CE,14757.14,833.33
230765,Enfermeira Rejane,2025,PCdoB,RJ,17195.239999999998,17.65
220663,Eriberto Medeiros,2025,PSB,PE,48139.299999999996,35.41
220645,Erika Hilton,2025,PSOL,SP,2144.5299999999997,0.0
160575,Erika Kokay,2025,PT,DF,5936.02,0.0
160640,Eros Biondini,2025,PL,MG,41259.170000000006,19.98
204482,Euclydes Pettersen,2025,REPUBLICANOS,MG,63058.240000000005,0.0
178871,Evair Vieira de Melo,2025,PP,ES,5033.13,0.0
220681,Fábio Macedo,2025,PODE,MA,106719.72,0.0
171623,Fabio Reis,2025,PSD,SE,591.8,0.0
204368,Fabio Schiochet,2025,UNIÃO,SC,4991.76,0.0
220653,Fábio Teruel,2025,MDB,SP,4792.7,0.0
66828,Fausto Pinato,2025,PP,SP,30856.15999999999,0.0
220712,Fausto Santos Jr.,2025,UNIÃO,AM,63596.020000000004,0.0
220646,Felipe Becari,2025,UNIÃO,SP,2486.07,0.0
72442,Felipe Carreras,2025,PSB,PE,4234.93,0.0
204398,Felipe Francischini,2025,UNIÃO,PR,33729.99,19.06
160666,Félix Mendonça Júnior,2025,PDT,BA,3473.25,24.67
204407,Fernanda Melchionna,2025,PSOL,RS,8054.83,0.0
220656,Fernanda Pessoa,2025,UNIÃO,CE,17896.61,3.19
141431,Fernando Coelho Filho,2025,UNIÃO,PE,3917.15,0.0
204445,Fernando Mineiro,2025,PT,RN,34923.19,0.0
92699,Fernando Monteiro,2025,REPUBLICANOS,PE,102971.51,47.129999999999995
204427,Fernando Rodolfo,2025,PL,PE,3627.1400000000003,0.0
204411,Filipe Barros,2025,PL,PR,4374.0,0.0
220545,Filipe Martins,2025,PL,TO,15196.27,18.91
160598,Flávia Morais,2025,PDT,GO,47567.58999999999,9.92
191923,Flávio Nogueira,2025,PT,PI,37508.22,0.0
220700,Florentino Neto,2025,PT,PI,30008.05,276.85
220551,Franciane Bayer,2025,REPUBLICANOS,RS,66428.29000000001,771.58
204494,Fred Costa,2025,PRD,MG,10934.57,27.93
220534,Fred Linhares,2025,REPUBLICANOS,DF,15268.01,35.0
224117,Gabriel Mota,2025,REPUBLICANOS,RR,236500.0,0.0
220708,Gabriel Nunes,2025,PSD,BA,7900.73,13.280000000000001
204473,General Girão,2025,PL,RN,3580.7800000000007,16.56
220611,General Pazuello,2025,PL,RJ,52744.880000000005,257.21
178966,Geovania de Sá,2025,PSDB,SC,6863.95,962.4
220702,Geraldo Mendes,2025,UNIÃO,PR,32037.269999999997,7.87
74374,Geraldo Resende,2025,PSDB,MS,31791.309999999998,699.4899999999999
204394,Gervásio Maia,2025,PSB,PB,4689.719999999999,6.96
74383,Giacobo,2025,PL,PR,236219.55000000002,10.8
204491,Gilberto Abramo,2025,REPUBLICANOS,MG,5825.600000000001,10.95
74270,Gilberto Nascimento,2025,PSD,SP,74451.15000000001,0.0
220529,Gilson Daniel,2025,PODE,ES,5357.52,952.3399999999998
204365,Gilson Marques,2025,NOVO,SC,5842.58,0.0
220526,Gilvan da Federal,2025,PL,ES,10833.15,0.0
160673,Giovani Cherini,2025,PL,RS,50379.32,382.13
226179,Gisela Simona,2025,UNIÃO,MT,18735.799999999996,0.4
152605,Glauber Braga,2025,PSOL,RJ,20158.200000000004,902.8399999999999
198197,Greyce Elias,2025,AVANTE,MG,7670.4400000000005,403.18
220639,Guilherme Boulos,2025,PSOL,SP,21898.65,0.0
220664,Guilherme Uchoa,2025,PSB,PE,4554.93,32.0
220568,Gustavo Gayer,2025,PL,GO,12848.92,48.76
204408,Gustinho Ribeiro,2025,REPUBLICANOS,SE,225485.93999999997,0.0
204456,Gutemberg Reis,2025,MDB,RJ,10178.7,337.61
178964,Heitor Schuch,2025,PSB,RS,16130.470000000001,0.0
178873,Helder Salomão,2025,PT,ES,2080.15,9.11
220537,Helena Lima,2025,MDB,RR,7158.579999999998,374.80999999999995
204444,Helio Lopes,2025,PL,RJ,4145.61,0.0
220672,Henderson Pinto,2025,MDB,PA,19080.04,18.5
204539,Hercílio Coelho Diniz,2025,MDB,MG,5389.219999999999,37.769999999999996
178884,Hildo Rocha,2025,MDB,MA,3108.4300000000003,0.0
141450,Hugo Leal,2025,PSD,RJ,17130.18,3132.319999999999
160674,Hugo Motta,2025,REPUBLICANOS,PB,3329.16,0.0
220563,Icaro de Valmir,2025,PL,SE,8270.31,0.0
204508,Igor Timo,2025,PSD,MG,8431.43,77.67
98615,Ismael,2025,PSD,SC,17416.98,23.7
204436,Isnaldo Bulhões Jr.,2025,MDB,AL,2484.48,0.0
73531,Ivan Valente,2025,PSOL,SP,31639.58,141.07
220696,Ivoneide Caetano,2025,PT,BA,3255.5,0.0
220670,Iza Arruda,2025,MDB,PE,5958.65,0.0
220527,Jack Rocha,2025,PT,ES,3189.9799999999996,79.56
220697,Jadyel Alencar,2025,REPUBLICANOS,PI,12887.66,0.0
74848,Jandira Feghali,2025,PCdoB,RJ,24775.3,17.060000000000002
220567,Jeferson Rodrigues,2025,REPUBLICANOS,GO,13042.989999999998,82.53
74273,Jefferson Campos,2025,PL,SP,47268.020000000004,2.9
141456,Jilmar Tatto,2025,PT,SP,30089.73,626.89
141458,João Carlos Bacelar,2025,PL,BA,7049.49,87.0
230957,João Cury,2025,MDB,SP,13148.46,431.21
178970,João Daniel,2025,PT,SE,10077.4,0.0
74550,João Leão,2025,PP,BA,5168.74,228.58
141459,João Maia,2025,PP,RN,21655.399999999998,0.0
178910,Joaquim Passarinho,2025,PL,PA,6912.22,0.0
160548,Jonas Donizette,2025,PSB,SP,7092.8099999999995,121.05
205550,Jorge Braz,2025,REPUBLICANOS,RJ,38657.78,283.02
178857,Jorge Solla,2025,PT,BA,18281.32,263.3
141464,José Airton Félix Cirilo,2025,PT,CE,103447.67,634.62
141470,José Guimarães,2025,PT,CE,760.2099999999999,0.0
204472,José Medeiros,2025,PL,MT,50329.64000000001,12.41
204391,José Nelto,2025,UNIÃO,GO,5653.160000000001,165.23
74079,José Priante,2025,MDB,PA,7887.53,370.99
74554,José Rocha,2025,UNIÃO,BA,13469.320000000002,219.96
209189,Joseildo Ramos,2025,PT,BA,29697.160000000007,110.42
220578,Josenildo,2025,PDT,AP,3064.54,26.0
74141,Josias Gomes,2025,PT,BA,4731.339999999999,309.18
204563,Josimar Maranhãozinho,2025,PL,MA,20963.5,0.0
215043,Josivaldo JP,2025,PSD,MA,52732.96,0.0
204474,Juarez Costa,2025,MDB,MT,16548.6,0.0
220559,Julia Zanatta,2025,PL,SC,1208.24,6.47
220640,Juliana Cardoso,2025,PT,SP,17733.350000000006,0.0
66385,Julio Arcoverde,2025,PP,PI,62722.27,0.0
74317,Júlio Cesar,2025,PSD,PI,57832.67,0.0
204372,Julio Cesar Ribeiro,2025,REPUBLICANOS,DF,6320.98,0.0
74253,Julio Lopes,2025,PP,RJ,109335.8,17.0
204457,Juninho do Pneu,2025,UNIÃO,RJ,41196.21,70.94
204520,Junio Amaral,2025,PL,MG,15748.18,0.0
204497,Júnior Ferrari,2025,PSD,PA,3136.21,0.0
204574,Junior Lourenço,2025,PL,MA,104358.78,580.3
204550,Júnior Mano,2025,PSB,CE,131345.86,0.0
178886,Juscelino Filho,2025,UNIÃO,MA,102178.08,8860.3
220677,Keniston Braga,2025,MDB,PA,15342.400000000001,0.0
162067,Kiko Celeguim,2025,PT,SP,61744.71,0.0
204536,Kim Kataguiri,2025,UNIÃO,SP,16503.28,9.92
98057,Lafayette de Andrada,2025,REPUBLICANOS,MG,3835.09,7.81
74856,Laura Carneiro,2025,PSD,RJ,17276.140000000003,0.0
220566,Lêda Borges,2025,PSDB,GO,36740.36,0.0
231911,Lenir de Assis,2025,PT,PR,45560.46000000001,0.0
80815,Leo Prates,2025,PDT,BA,45501.91999999999,0.0
74156,Leonardo Monteiro,2025,PT,MG,46438.060000000005,15.23
74299,Leônidas Cristino,2025,PDT,CE,2445.38,0.0
92102,Leur Lomanto Júnior,2025,UNIÃO,BA,41834.56,155.79
139285,Lídice da Mata,2025,PSB,BA,9069.420000000004,0.0
74585,Lincoln Portela,2025,PL,MG,4941.379999999999,0.0
74858,Lindbergh Farias,2025,PT,RJ,18093.579999999998,0.0
220662,Lucas Ramos,2025,PSB,PE,123931.66,0.0
204404,Lucas Redecker,2025,PSDB,RS,29253.469999999998,23.63
138286,Luciano Alves,2025,PSD,PR,3730.7100000000005,16.88
220581,Luciano Amaral,2025,PSD,AL,26499.010000000002,55.0
74478,Luciano Bivar,2025,UNIÃO,PE,8908.85,0.0
178931,Luciano Ducci,2025,PSB,PR,20114.489999999998,0.0
220616,Luciano Vieira,2025,REPUBLICANOS,RJ,66544.00000000001,0.0
178954,Lucio Mosquini,2025,MDB,RO,3918.5799999999995,0.0
222429,Luis Carlos Gomes,2025,REPUBLICANOS,RJ,9161.2,0.0
160510,Luis Tibé,2025,AVANTE,MG,47955.34999999999,637.41
204410,Luisa Canziani,2025,PSD,PR,42605.74,0.0
141485,Luiz Carlos Busato,2025,UNIÃO,RS,3057.7599999999998,0.45
73778,Luiz Carlos Hauly,2025,PODE,PR,10383.099999999999,413.14
204485,Luiz Carlos Motta,2025,PL,SP,6988.009999999999,0.0
74041,Luiz Couto,2025,PT,PB,38810.81999999999,40.0
141487,Luiz Fernando Faria,2025,PSD,MG,40415.740000000005,0.0
229432,Luiz Fernando Vampiro,2025,MDB,SC,3015.42,0.0
220658,Luiz Gastão,2025,PSD,CE,19873.07,2.07
204455,Luiz Lima,2025,NOVO,RJ,3299.9499999999994,23.91
162332,Luiz Nishimori,2025,PSD,PR,34577.770000000004,31.97
204526,Luiz Philippe de Orleans e Bragança,2025,PL,SP,11311.73,0.0
74784,Luiza Erundina,2025,PSOL,SP,3033.3,0.0
178866,Luizianne Lins,2025,PT,CE,37233.6,809.1999999999999
220669,Lula da Fonte,2025,PP,PE,3768.39,0.0
166402,Magda Mofatto,2025,PRD,GO,115031.29000000001,136.70999999999998
220648,Marangoni,2025,UNIÃO,SP,14736.869999999999,0.0
156190,Marcel van Hattem,2025,NOVO,RS,4147.65,0.0
179000,Marcelo Álvaro Antônio,2025,PL,MG,23319.399999999998,0.0
220599,Marcelo Crivella,2025,REPUBLICANOS,RJ,3986.4699999999993,0.0
133810,Marcelo Moraes,2025,PL,RS,14510.32,8.649999999999999
160161,Marcelo Queiroz,2025,PSDB,RJ,10564.779999999999,0.0
178983,Marcio Alvino,2025,PL,SP,7481.9400000000005,0.0
179001,Márcio Biolchi,2025,MDB,RS,32824.63,1076.22
220687,Márcio Honaiser,2025,PDT,MA,26791.97,0.0
81055,Márcio Jerry,2025,PCdoB,MA,26250.0,0.0
150418,Márcio Marinho,2025,REPUBLICANOS,BA,43921.89,147.31
160535,Marcon,2025,PT,RS,24496.25,102.97
204431,Marcos Aurélio Sampaio,2025,PSD,PI,127850.0,0.0
204506,Marcos Pereira,2025,REPUBLICANOS,SP,8510.73,0.0
220547,Marcos Pollon,2025,PL,MS,20621.27,6.26
178943,Marcos Soares,2025,UNIÃO,RJ,2287.9100000000003,0.0
220604,Marcos Tavares,2025,PDT,RJ,94882.93,49.49
220668,Maria Arraes,2025,SOLIDARIEDADE,PE,13575.14,20.520000000000003
74398,Maria do Rosário,2025,PT,RS,8107.74,47.57
204540,Maria Rosas,2025,REPUBLICANOS,SP,7572.280000000001,15.51
220655,Mario Frias,2025,PL,SP,91831.35,0.0
74158,Mário Heringer,2025,PDT,MG,134461.4,0.0
178858,Mário Negromonte Jr.,2025,PP,BA,4146.28,0.0
204566,Marreca Filho,2025,PRD,MA,16847.73,7.27
220572,Marussa Boldrin,2025,MDB,GO,27639.660000000007,0.0
178843,Marx Beltrão,2025,PP,AL,5225.84,0.0
220661,Matheus Noronha,2025,PL,CE,48220.770000000004,7359.119999999999
220609,Maurício Carvalho,2025,UNIÃO,RO,16673.03,0.0
220628,Mauricio do Vôlei,2025,PL,MG,2899.0,0.0
220550,Mauricio Marcon,2025,PODE,RS,18894.9,0.0
220647,Mauricio Neves,2025,PP,SP,112303.40000000001,0.0
204486,Mauro Benevides Filho,2025,PDT,CE,12321.45,396.7599999999999
220607,Max Lemos,2025,PDT,RJ,40097.95,0.0
220591,Meire Serafim,2025,UNIÃO,AC,71474.26,0.5
74428,Mendonça Filho,2025,UNIÃO,PE,33582.61,129.76
188097,Merlong Solano,2025,PT,PI,23887.980000000003,5008.04
220585,Mersinho Lucena,2025,PP,PB,3880.7900000000004,0.0
220530,Messias Donato,2025,REPUBLICANOS,ES,22496.27,59.7
171786,Miguel Ângelo,2025,PT,MG,11977.32,0.0
178985,Miguel Lombardi,2025,PL,SP,7518.21,0.0
178895,Misael Varella,2025,PSD,MG,103395.62000000001,1165.7
160561,Missionário José Olimpio,2025,PL,SP,2966.0099999999998,0.0
178997,Moses Rodrigues,2025,UNIÃO,CE,20436.57,0.0
220617,Murillo Gouvea,2025,UNIÃO,RJ,7540.970000000001,0.0
220584,Murilo Galdino,2025,REPUBLICANOS,PB,5523.0,27.04
204453,Natália Bonavides,2025,PT,RN,2983.58,138.41
233218,Nelinho Freitas,2025,MDB,CE,55200.0,0.0
204449,Nelson Barbudo,2025,PL,MT,4683.13,0.0
220622,Nely Aquino,2025,PODE,MG,57327.07,159.64
220703,Neto Carletto,2025,AVANTE,BA,6301.509999999999,0.0
178896,Newton Cardoso Jr,2025,MDB,MG,30402.329999999994,0.0
204479,Nicoletti,2025,UNIÃO,RR,24951.8,0.0
209787,Nikolas Ferreira,2025,PL,MG,9954.970000000001,152.48000000000002
178986,Nilto Tatto,2025,PT,SP,31559.899999999994,16.17
74159,Odair Cunha,2025,PT,MG,12799.67,0.0
204498,Olival Marques,2025,MDB,PA,225663.89000000004,0.0
178987,Orlando Silva,2025,PCdoB,SP,18311.850000000006,0.0
73692,Osmar Terra,2025,PL,RS,10655.95,459.37
204422,Ossesio Silva,2025,REPUBLICANOS,PE,7428.459999999999,45.03
204441,Otoni de Paula,2025,MDB,RJ,7752.89,0.0
204573,Otto Alencar Filho,2025,PSD,BA,8601.38,367.95000000000005
220706,Padovani,2025,UNIÃO,PR,5695.0,0.0
160556,Padre João,2025,PT,MG,2210.17,4.77
230762,Pastor Claudio Mariano,2025,UNIÃO,PA,65436.97,385.17
180214,Pastor Diniz,2025,UNIÃO,RR,55987.42,14.47
160642,Pastor Eurico,2025,PL,PE,3737.66,0.0
204570,Pastor Gil,2025,PL,MA,5292.549999999999,0.0
220615,Pastor Henrique Vieira,2025,PSOL,RJ,17768.720000000005,222.28
204553,Pastor Sargento Isidório,2025,AVANTE,BA,7283.5,0.0
74160,Patrus Ananias,2025,PT,MG,9446.849999999999,12.5
74095,Pauderney Avelino,2025,UNIÃO,AM,14040.890000000001,460.0
171617,Paulão,2025,PT,AL,6852.299999999999,535.85
141518,Paulinho da Força,2025,SOLIDARIEDADE,SP,8318.52,0.0
141516,Paulo Abi-Ackel,2025,PSDB,MG,8890.42,70.89
220650,Paulo Alexandre Barbosa,2025,PSDB,SP,16680.65,19.85
178860,Paulo Azi,2025,UNIÃO,BA,3807.66,0.0
160517,Paulo Folletto,2025,PSB,ES,3164.12,0.0
160558,Paulo Freire Costa,2025,PL,SP,38119.91999999999,0.0
204492,Paulo Guedes,2025,PT,MG,12024.18,0.0
233592,Paulo Lemos,2025,PSOL,AP,0.0,0.0
220685,Paulo Litro,2025,PSD,PR,7109.4800000000005,0.0
74574,Paulo Magalhães,2025,PSD,BA,16127.86,69.91999999999999
74400,Paulo Pimenta,2025,PT,RS,24045.13,1654.99
220630,Pedro Aihara,2025,PRD,MG,27862.690000000002,0.0
220667,Pedro Campos,2025,PSB,PE,4506.32,49.25
122974,Pedro Lucas Fernandes,2025,UNIÃO,MA,59990.78,0.0
204395,Pedro Lupion,2025,PP,PR,170224.8,0.0
122158,Pedro Paulo,2025,PSD,RJ,187019.83000000002,803.43
160604,Pedro Uczai,2025,PT,SC,22886.539999999997,34.86
204406,Pedro Westphalen,2025,PP,RS,7394.899999999999,7.15
161440,Pezenti,2025,MDB,SC,20664.979999999996,551.92
204524,Pinheirinho,2025,PP,MG,6124.080000000001,0.0
73486,Pompeo de Mattos,2025,PDT,RS,2424.8599999999997,54.67
160601,Pr. Marco Feliciano,2025,PL,SP,36486.33,0.0
220533,Prof. Reginaldo Veras,2025,PV,DF,74512.77999999998,0.0
204390,Professor Alcides,2025,PL,GO,156432.81,2387.38
221338,Professora Luciene Cavalcante,2025,PSOL,SP,37732.69,0.0
160641,Professora Marcivania,2025,PCdoB,AP,0.0,0.0
220586,Rafael Brito,2025,MDB,AL,4228.420000000001,64.6
233594,Rafael Fera,2025,PODE,RO,0.0,0.0
220532,Rafael Prudente,2025,MDB,DF,80258.89,21.0
220626,Rafael Simoes,2025,UNIÃO,MG,5571.860000000001,57.9
204567,Raimundo Costa,2025,PODE,BA,17844.0,50.4
74084,Raimundo Santos,2025,PSD,PA,16061.410000000002,1226.5700000000002
74161,Reginaldo Lopes,2025,PT,MG,28904.059999999998,49.209999999999994
220606,Reimont,2025,PT,RJ,8549.88,46.35
205865,Reinhold Stephanes,2025,PSD,PR,19696.1,824.3
178989,Renata Abreu,2025,PODE,SP,34410.97,0.0
153423,Renilce Nicodemos,2025,MDB,PA,220660.0,0.0
73801,Renildo Calheiros,2025,PCdoB,PE,3692.42,24.34
175765,Ribamar Silva,2025,PSD,SP,57436.15,15.14
221329,Ricardo Abrão,2025,UNIÃO,RJ,17629.3,0.0
220543,Ricardo Ayres,2025,REPUBLICANOS,TO,8883.369999999999,4.0
73788,Ricardo Barros,2025,PP,PR,23580.93,0.0
204362,Ricardo Guidi,2025,PL,SC,8087.88,1275.8899999999999
220694,Ricardo Maia,2025,MDB,BA,36814.5,0.0
220633,Ricardo Salles,2025,NOVO,SP,22995.809999999998,0.0
204489,Robério Monteiro,2025,PDT,CE,2237.0,0.0
220693,Roberta Roma,2025,PL,BA,21287.420000000002,24.93
220588,Roberto Duarte,2025,REPUBLICANOS,AC,38795.41000000001,0.0
220613,Roberto Monteiro Pai,2025,PL,RJ,15940.699999999999,0.0
220624,Robinson Faria,2025,PP,RN,9237.36,7.51
220546,Rodolfo Nogueira,2025,PL,MS,9530.449999999999,0.0
230767,Rodrigo da Zaeli,2025,PL,MT,11731.630000000001,0.0
141531,Rodrigo de Castro,2025,UNIÃO,MG,9290.55,56.339999999999996
223128,Rodrigo Estacho,2025,PSD,PR,2943.980000000001,41.49
220641,Rodrigo Gambale,2025,PODE,SP,6134.029999999999,80.78
141533,Rodrigo Rollemberg,2025,PSB,DF,0.0,0.0
165470,Rodrigo Valadares,2025,UNIÃO,SE,21023.41,47.86
220695,Rogéria Santos,2025,REPUBLICANOS,BA,62508.67,225.04
204480,Rogério Correia,2025,PT,MG,9850.81,101.88
160629,Romero Rodrigues,2025,PODE,PB,14877.470000000001,22.000000000000004
163321,Ronaldo Nogueira,2025,REPUBLICANOS,RS,6974.15,224.84
204525,Rosana Valle,2025,PL,SP,5117.969999999999,0.0
220644,Rosangela Moro,2025,UNIÃO,SP,36066.750000000015,0.0
220620,Rosângela Reis,2025,PL,MG,13403.439999999997,17.03
74371,Rubens Otoni,2025,PT,GO,4333.09,0.0
178887,Rubens Pereira Júnior,2025,PT,MA,48355.2,0.0
73604,Rui Falcão,2025,PT,SP,17241.82,5.0
160635,Ruy Carneiro,2025,PODE,PB,10992.28,99.99
204535,Sâmia Bomfim,2025,PSOL,SP,17984.59,10.04
233598,Samuel Santos,2025,PODE,GO,0.0,0.0
220631,Samuel Viana,2025,REPUBLICANOS,MG,17387.22,6.39
204416,Sanderson,2025,PL,RS,8822.140000000001,0.0
204387,Sargento Fahur,2025,PSD,PR,12113.37,0.0
220621,Sargento Gonçalves,2025,PL,RN,6393.6,0.0
220618,Sargento Portugal,2025,PODE,RJ,30395.84,7.2
226837,Saulo Pedroso,2025,PSD,SP,29350.500000000004,33.29
178933,Sergio Souza,2025,MDB,PR,12259.54,852.57
204557,Sidney Leite,2025,PSD,AM,5403.39,0.0
74356,Silas Câmara,2025,REPUBLICANOS,AM,276968.05000000005,154.11
204360,Silvia Cristina,2025,PP,RO,4146.97,39.99
220569,Silvye Alves,2025,UNIÃO,GO,65004.909999999996,374.49
220651,Simone Marquetto,2025,MDB,SP,24001.43,95.44
104552,Socorro Neri,2025,PP,AC,3017.97,0.0
178946,Soraya Santos,2025,PL,RJ,86571.77,0.0
178947,Sóstenes Cavalcante,2025,PL,RJ,7859.56,0.0
92776,Stefano Aguiar,2025,PSD,MG,30485.8,0.0
204534,Tabata Amaral,2025,PSB,SP,3849.6300000000006,39.67
220682,Tadeu Veneri,2025,PT,PR,4209.469999999999,22.98
204464,Talíria Petrone,2025,PSOL,RJ,12223.27,60.690000000000005
220598,Tarcísio Motta,2025,PSOL,RJ,8034.5999999999985,0.0
220560,Thiago de Joaldo,2025,PP,SE,15175.449999999999,0.0
220597,Thiago Flores,2025,REPUBLICANOS,RO,8409.4,0.0
143084,Tiago Dimas,2025,PODE,TO,0.0,0.0
220684,Tião Medeiros,2025,PP,PR,13721.8,1562.66
160976,Tiririca,2025,PL,SP,4393.54,0.0
178934,Toninho Wandscheer,2025,PP,PR,10936.74,495.1600000000001
157130,Túlio Gadêlha,2025,REDE,PE,20995.66,0.0
160610,Valmir Assunção,2025,PT,BA,27809.170000000002,196.94
74376,Vander Loubet,2025,PT,MS,5291.330000000001,25.82
204396,Vermelho,2025,PP,PR,15321.330000000002,1340.85
74283,Vicentinho,2025,PT,SP,22360.23,95.0
137070,Vicentinho Júnior,2025,PP,TO,77160.0,0.0
141555,Vinicius Carvalho,2025,REPUBLICANOS,SP,7630.879999999999,0.0
160591,Vinicius Gurgel,2025,PL,AP,42720.0,0.0
178992,Vitor Lippi,2025,PSDB,SP,14882.0,0.0
91228,Waldemar Oliveira,2025,AVANTE,PE,7625.66,5.79
160569,Waldenor Pereira,2025,PT,BA,42303.130000000005,226.13
160518,Weliton Prado,2025,SOLIDARIEDADE,MG,19250.01,0.0
74043,Wellington Roberto,2025,PL,PB,5839.12,0.0
224333,Welter,2025,PT,PR,15841.869999999999,17.54
74044,Wilson Santiago,2025,REPUBLICANOS,PB,25930.28,21.9
220564,Yandra Moura,2025,UNIÃO,SE,6787.0,0.0
220660,Yury do Paredão,2025,MDB,CE,5014.660000000001,32.0
230768,Zé Adriano,2025,PP,AC,22536.02,0.0
220536,Zé Haroldo Cathedral,2025,PSD,RR,51254.18000000001,4.18
204559,Zé Neto,2025,PT,BA,9143.6,65.12
160632,Zé Silva,2025,SOLIDARIEDADE,MG,17507.14,123.80000000000001
220558,Zé Trovão,2025,PL,SC,16844.440000000002,2.26
204517,Zé Vitor,2025,PL,MG,3082.6499999999996,0.0
160592,Zeca Dirceu,2025,PT,PR,14384.9,11.41
220592,Zezinho Barbary,2025,PP,AC,3084.9799999999996,0.0
220552,Zucco,2025,PL,RS,11459.400000000001,0.0
